<?xml version="1.0"  encoding="UTF-8" ?>
<rdf:RDF xmlns:edm="http://www.europeana.eu/schemas/edm/" xmlns:xalan="http://xml.apache.org/xalan" xmlns:foaf="http://xmlns.com/foaf/0.1/" xmlns:mo="http://purl.org/ontology/mo/" xmlns:ore="http://www.openarchives.org/ore/terms/" xmlns:owl="http://www.w3.org/2002/07/owl#" xmlns:rdaGr2="http://rdvocab.info/ElementsGr2/" xmlns:cld="http://purl.org/cld/terms/" xmlns:rdf="http://www.w3.org/1999/02/22-rdf-syntax-ns#" xmlns:crm="http://www.cidoc-crm.org/rdfs/cidoc_crm_v5.0.2_english_label.rdfs#" xmlns:rdfs="http://www.w3.org/2000/01/rdf-schema#" xmlns:dc="http://purl.org/dc/elements/1.1/" xmlns:schema="http://schema.org/" xmlns:dcterms="http://purl.org/dc/terms/" xmlns:skos="http://www.w3.org/2004/02/skos/core#" xmlns:ebucore="http://www.ebu.ch/metadata/ontologies/ebucore/ebucore#" xmlns:wgs84="http://www.w3.org/2003/01/geo/wgs84_pos#"><edm:ProvidedCHO rdf:about="http://mint-projects.image.ntua.gr/data/sounds/http://archives.crem-cnrs.fr/archives/items/16057/"><dc:contributor xml:lang="fr">Dournon, geneviève</dc:contributor><dc:identifier>CNRSMH_E_1990_014_001_001_05</dc:identifier><dc:rights xml:lang="fr">Usage réservé dans le respect du patrimoine culturel des communautés d'origine</dc:rights><dc:subject xml:lang="fr">Ethnomusicologie</dc:subject><dc:subject>MANGHANIYAR</dc:subject><dc:subject xml:lang="fr">Vièle à 3 cordes</dc:subject><dc:subject>Kamaica</dc:subject><dc:title xml:lang="fr">Vièles</dc:title><dcterms:created>1990-01-01</dcterms:created><dcterms:created>1990-12-31</dcterms:created><dcterms:provenance xml:lang="fr">Archives sonores du CNRS-Musée de l'Homme (France)</dcterms:provenance><dcterms:spatial xml:lang="fr">Rajasthan</dcterms:spatial><dcterms:spatial xml:lang="fr">Thar</dcterms:spatial><dcterms:temporal>Epoque contemporaine</dcterms:temporal><edm:isGatheredInto rdf:resource="http://mint-projects.image.ntua.gr/data/sounds/http://archives.crem-cnrs.fr/archives/collections/3965/"/><edm:type>SOUND</edm:type><mo:track_number>01_05</mo:track_number><ebucore:hasGenre xml:lang="fr" rdf:resource="http://data.europeana.eu/concept/soundgenres/Music/Traditional_and_folk_music"/><ebucore:duration>00:02:37</ebucore:duration></edm:ProvidedCHO><edm:WebResource rdf:about="http://archives.crem-cnrs.fr/archives/items/16057/"><dc:creator>CNRS-CREM</dc:creator><dc:rights xml:lang="fr">Usage réservé dans le respect du patrimoine culturel des communautés d'origine</dc:rights><edm:rights rdf:resource="http://www.europeana.eu/rights/rr-f/"/><ebucore:duration>00:02:37</ebucore:duration><ebucore:audioChannelNumber>2channels</ebucore:audioChannelNumber><ebucore:fileSize>27772460bytes</ebucore:fileSize><ebucore:hasMimeType>audio/x-wav</ebucore:hasMimeType><ebucore:sampleRate>44100Hz</ebucore:sampleRate><ebucore:sampleSize>16bits</ebucore:sampleSize></edm:WebResource><ore:Aggregation rdf:about="http://mint-projects.image.ntua.gr/data/sounds/Aggregation_http://archives.crem-cnrs.fr/archives/items/16057/"><edm:aggregatedCHO rdf:resource="http://mint-projects.image.ntua.gr/data/sounds/http://archives.crem-cnrs.fr/archives/items/16057/"/><edm:dataProvider>CNRS-CREM</edm:dataProvider><edm:isShownAt rdf:resource="http://archives.crem-cnrs.fr/archives/items/16057/"/><edm:object rdf:resource="http://archives.crem-cnrs.fr/archives/items/CNRSMH_E_1990_014_001_001_05/visualize/waveform_centroid/346x130/"/><edm:provider>Europeana Sounds</edm:provider><dc:rights xml:lang="fr">Usage réservé dans le respect du patrimoine culturel des communautés d'origine</dc:rights><edm:rights rdf:resource="http://www.europeana.eu/rights/rr-f/"/></ore:Aggregation></rdf:RDF>