<?xml version="1.0" encoding="UTF-8"?>
<rdf:RDF xmlns:edm="http://www.europeana.eu/schemas/edm/"
         xmlns:xalan="http://xml.apache.org/xalan"
         xmlns:foaf="http://xmlns.com/foaf/0.1/"
         xmlns:mo="http://purl.org/ontology/mo/"
         xmlns:ore="http://www.openarchives.org/ore/terms/"
         xmlns:owl="http://www.w3.org/2002/07/owl#"
         xmlns:rdaGr2="http://rdvocab.info/ElementsGr2/"
         xmlns:cld="http://purl.org/cld/terms/"
         xmlns:rdf="http://www.w3.org/1999/02/22-rdf-syntax-ns#"
         xmlns:crm="http://www.cidoc-crm.org/rdfs/cidoc_crm_v5.0.2_english_label.rdfs#"
         xmlns:rdfs="http://www.w3.org/2000/01/rdf-schema#"
         xmlns:dc="http://purl.org/dc/elements/1.1/"
         xmlns:schema="http://schema.org/"
         xmlns:dcterms="http://purl.org/dc/terms/"
         xmlns:skos="http://www.w3.org/2004/02/skos/core#"
         xmlns:ebucore="http://www.ebu.ch/metadata/ontologies/ebucore/ebucore#"
         xmlns:wgs84="http://www.w3.org/2003/01/geo/wgs84_pos#">
   <edm:ProvidedCHO rdf:about="http://mint-projects.image.ntua.gr/data/sounds/C1002X0055XX-0400">
      <dc:contributor>Summers, Keith (recordist)</dc:contributor>
      <dc:contributor>Reeder, Reg, 1943- (dulcimer)</dc:contributor>
      <dc:date>ca. 1978</dc:date>
      <dc:description>Item notes: First waltz titled - Oscar's Waltz. Performer notes: From Yoxford and Leiston, Suffolk. Grandson of Charlie Phillpott. Recording notes: Badly over recorded which has caused substantial distortion in the right channel. For playback purposes only the left channel (split to both channels) has been used. Thus the transfer is in mono.. </dc:description>
      <dc:format/>
      <dc:identifier>C1002X0055XX-0400</dc:identifier>
      <dc:language>eng</dc:language>
      <dc:relation>1CDR0007342 (copy of C1002/55)</dc:relation>
      <dc:subject>dulcimer</dc:subject>
      <dc:subject rdf:resource="http://data.europeana.eu/concept/soundgenres/Music/Traditional_and_folk_music"/>
      <dc:title>Waltzes</dc:title>
      <dcterms:extent>00:01:47</dcterms:extent>
      <dcterms:spatial>Leiston [?], Suffolk, England, UK</dcterms:spatial>
      <edm:type>SOUND</edm:type>
   </edm:ProvidedCHO>
   <ore:Aggregation rdf:about="http://mint-projects.image.ntua.gr/data/sounds/Aggregation_C1002X0055XX-0400">
      <edm:aggregatedCHO rdf:resource="http://mint-projects.image.ntua.gr/data/sounds/C1002X0055XX-0400"/>
      <edm:dataProvider>The British Library</edm:dataProvider>
      <edm:isShownAt rdf:resource="http://sounds.bl.uk/World-and-traditional-music/Keith-Summers-Collection/025M-C1002X0055XX-0400V0"/>
      <edm:object rdf:resource="http://sounds.bl.uk/waveforms/Keith-Summers-Collection/025A-C1002X0055XX-0400A0.png"/>
      <edm:provider>Europeana Sounds</edm:provider>
      <dc:rights>Please view the British Library's Legal and Ethical Usage page: http://sounds.bl.uk/Information/Legal-And-Ethical-Usage </dc:rights>
      <edm:rights rdf:resource="http://www.europeana.eu/rights/rr-f/"/>
   </ore:Aggregation>
</rdf:RDF>