<?xml version="1.0" encoding="UTF-8"?>
<rdf:RDF xmlns:edm="http://www.europeana.eu/schemas/edm/"
         xmlns:xalan="http://xml.apache.org/xalan"
         xmlns:foaf="http://xmlns.com/foaf/0.1/"
         xmlns:mo="http://purl.org/ontology/mo/"
         xmlns:ore="http://www.openarchives.org/ore/terms/"
         xmlns:owl="http://www.w3.org/2002/07/owl#"
         xmlns:rdaGr2="http://rdvocab.info/ElementsGr2/"
         xmlns:cld="http://purl.org/cld/terms/"
         xmlns:rdf="http://www.w3.org/1999/02/22-rdf-syntax-ns#"
         xmlns:crm="http://www.cidoc-crm.org/rdfs/cidoc_crm_v5.0.2_english_label.rdfs#"
         xmlns:rdfs="http://www.w3.org/2000/01/rdf-schema#"
         xmlns:dc="http://purl.org/dc/elements/1.1/"
         xmlns:schema="http://schema.org/"
         xmlns:dcterms="http://purl.org/dc/terms/"
         xmlns:skos="http://www.w3.org/2004/02/skos/core#"
         xmlns:ebucore="http://www.ebu.ch/metadata/ontologies/ebucore/ebucore#"
         xmlns:wgs84="http://www.w3.org/2003/01/geo/wgs84_pos#">
   <edm:ProvidedCHO rdf:about="http://mint-projects.image.ntua.gr/data/sounds/C1002X0098XX-0900">
      <dc:contributor>Summers, Keith (recordist)</dc:contributor>
      <dc:contributor>unidentified (DJ)</dc:contributor>
      <dc:contributor>List, Fred (male)</dc:contributor>
      <dc:date>1985-09</dc:date>
      <dc:description>Item notes: Sixteen minutes of the Disco that followed the performance by the Sunshine Violin Band. Recorded at a lively dance. Performer notes: London based Caribbean string band. Band consists of 'Theodore' (violin), 'Little George' (shak-shak), two banjoists, two guitarists and a drummer. Ages range from 80 ('Little George') to 18 (drummer) but most are in their mid 50's and primarily ex St. Lucians living in either Luton or East London. Recording notes: Slightly over-recorded. </dc:description>
      <dc:format/>
      <dc:identifier>C1002X0098XX-0900</dc:identifier>
      <dc:language>eng</dc:language>
      <dc:relation>1CDR0010671 (copy of C1002/98)</dc:relation>
      <dc:subject rdf:resource="http://data.europeana.eu/concept/soundgenres/Music/Traditional_and_folk_music"/>
      <dc:title>Disco</dc:title>
      <dcterms:extent>00:00:33</dcterms:extent>
      <dcterms:spatial>Bethnal Green, London, England, UK</dcterms:spatial>
      <edm:type>SOUND</edm:type>
   </edm:ProvidedCHO>
   <ore:Aggregation rdf:about="http://mint-projects.image.ntua.gr/data/sounds/Aggregation_C1002X0098XX-0900">
      <edm:aggregatedCHO rdf:resource="http://mint-projects.image.ntua.gr/data/sounds/C1002X0098XX-0900"/>
      <edm:dataProvider>The British Library</edm:dataProvider>
      <edm:isShownAt rdf:resource="http://sounds.bl.uk/World-and-traditional-music/Keith-Summers-Collection/025M-C1002X0098XX-0900V0"/>
      <edm:object rdf:resource="http://sounds.bl.uk/waveforms/Keith-Summers-Collection/025A-C1002X0098XX-0900A0.png"/>
      <edm:provider>Europeana Sounds</edm:provider>
      <dc:rights>Please view the British Library's Legal and Ethical Usage page: http://sounds.bl.uk/Information/Legal-And-Ethical-Usage </dc:rights>
      <edm:rights rdf:resource="http://www.europeana.eu/rights/rr-f/"/>
   </ore:Aggregation>
</rdf:RDF>