<?xml version="1.0" encoding="UTF-8"?>
<rdf:RDF xmlns:edm="http://www.europeana.eu/schemas/edm/"
         xmlns:xalan="http://xml.apache.org/xalan"
         xmlns:foaf="http://xmlns.com/foaf/0.1/"
         xmlns:mo="http://purl.org/ontology/mo/"
         xmlns:ore="http://www.openarchives.org/ore/terms/"
         xmlns:owl="http://www.w3.org/2002/07/owl#"
         xmlns:rdaGr2="http://rdvocab.info/ElementsGr2/"
         xmlns:cld="http://purl.org/cld/terms/"
         xmlns:rdf="http://www.w3.org/1999/02/22-rdf-syntax-ns#"
         xmlns:crm="http://www.cidoc-crm.org/rdfs/cidoc_crm_v5.0.2_english_label.rdfs#"
         xmlns:rdfs="http://www.w3.org/2000/01/rdf-schema#"
         xmlns:dc="http://purl.org/dc/elements/1.1/"
         xmlns:schema="http://schema.org/"
         xmlns:dcterms="http://purl.org/dc/terms/"
         xmlns:skos="http://www.w3.org/2004/02/skos/core#"
         xmlns:ebucore="http://www.ebu.ch/metadata/ontologies/ebucore/ebucore#"
         xmlns:wgs84="http://www.w3.org/2003/01/geo/wgs84_pos#">
   <edm:ProvidedCHO rdf:about="http://mint-projects.image.ntua.gr/data/sounds/C0485X0036XX-0100">
      <dc:contributor>Huehns, Colin (recordist)</dc:contributor>
      <dc:contributor>Hurmat, Ali (singer, male / rabab [rabab] - plucked lute); Unidentified (singer, male / drum); Unidentified (singer, male)</dc:contributor>
      <dc:date>22/04/1989</dc:date>
      <dc:description>Item note: Hasir Imam. Two songs are played during this recording. The first is about the words of Imam Abdul Salam, and the second is about the words of Imam Shah Nisah. Performer's note: Ali Hurmat is an ex-soldier. He plays and sings with two friends. One of them is blind.</dc:description>
      <dc:identifier>C0485X0036XX-0100</dc:identifier>
      <dc:relation>C485/36</dc:relation>
      <dc:subject>rabab</dc:subject>
      <dc:subject>rabab</dc:subject>
      <dc:subject>plucked lute</dc:subject>
      <dc:subject>drum</dc:subject>
      <dc:subject rdf:resource="http://data.europeana.eu/concept/soundgenres/Music/Traditional_and_folk_music"/>
      <dc:title>Qalam Imam Abdul Salam / Qalam Imam Shah Nisah</dc:title>
      <dcterms:extent>00:16:22</dcterms:extent>
      <dcterms:isPartOf>Colin Huehns fieldwork recordings</dcterms:isPartOf>
      <dcterms:isPartOf rdf:resource="http://sounds.bl.uk/World-and-traditional-music/Colin-Huehns-Pakistan"/>
      <dcterms:spatial>Haidarabad, Hunza, Northern Areas, Pakistan</dcterms:spatial>
      <edm:type>SOUND</edm:type>
   </edm:ProvidedCHO>
   <ore:Aggregation rdf:about="http://mint-projects.image.ntua.gr/data/sounds/Aggregation_C0485X0036XX-0100">
      <edm:aggregatedCHO rdf:resource="http://mint-projects.image.ntua.gr/data/sounds/C0485X0036XX-0100"/>
      <edm:dataProvider>The British Library</edm:dataProvider>
      <edm:isShownAt rdf:resource="http://sounds.bl.uk/World-and-traditional-music/Colin-Huehns-Pakistan/025M-C0485X0036XX-0100V0"/>
      <edm:object rdf:resource="http://sounds.bl.uk/waveforms/Colin-Huehns-Pakistan/025A-C0485X0036XX-0100A0.png"/>
      <edm:provider>Europeana Sounds</edm:provider>
      <edm:rights rdf:resource="http://www.europeana.eu/rights/rr-f/"/>
   </ore:Aggregation>
</rdf:RDF>