<?xml version="1.0" encoding="UTF-8"?>
<rdf:RDF xmlns:edm="http://www.europeana.eu/schemas/edm/"
         xmlns:xalan="http://xml.apache.org/xalan"
         xmlns:foaf="http://xmlns.com/foaf/0.1/"
         xmlns:mo="http://purl.org/ontology/mo/"
         xmlns:ore="http://www.openarchives.org/ore/terms/"
         xmlns:owl="http://www.w3.org/2002/07/owl#"
         xmlns:rdaGr2="http://rdvocab.info/ElementsGr2/"
         xmlns:cld="http://purl.org/cld/terms/"
         xmlns:rdf="http://www.w3.org/1999/02/22-rdf-syntax-ns#"
         xmlns:crm="http://www.cidoc-crm.org/rdfs/cidoc_crm_v5.0.2_english_label.rdfs#"
         xmlns:rdfs="http://www.w3.org/2000/01/rdf-schema#"
         xmlns:dc="http://purl.org/dc/elements/1.1/"
         xmlns:schema="http://schema.org/"
         xmlns:dcterms="http://purl.org/dc/terms/"
         xmlns:skos="http://www.w3.org/2004/02/skos/core#"
         xmlns:ebucore="http://www.ebu.ch/metadata/ontologies/ebucore/ebucore#"
         xmlns:wgs84="http://www.w3.org/2003/01/geo/wgs84_pos#">
   <edm:ProvidedCHO rdf:about="http://mint-projects.image.ntua.gr/data/sounds/C0485X0047XX-0300">
      <dc:contributor>Huehns, Colin (recordist)</dc:contributor>
      <dc:contributor>Mohammad, Gulam (sitar [sitar] - large, fretted long-necked lute)</dc:contributor>
      <dc:date>22/05/1989</dc:date>
      <dc:description>Item note: Dani is a melody, piece or tune. Performance note: On an old and dark sitar [sitar] - large, fretted long-necked lute which is particularly good; the other is bad. This recording begins and ends with the strings of the instrument being plucked from "bottom to top". First "achcha wala" (the good one) is plucked, and then "dusra wala" (the second one) is plucked. One is "thik" (all right) and the other is "purana" (old) and "kamzoor" (weak).</dc:description>
      <dc:identifier>C0485X0047XX-0300</dc:identifier>
      <dc:relation>C485/47</dc:relation>
      <dc:subject>sitar</dc:subject>
      <dc:subject>sitar</dc:subject>
      <dc:subject>large, fretted long-necked lute</dc:subject>
      <dc:subject rdf:resource="http://data.europeana.eu/concept/soundgenres/Music/Traditional_and_folk_music"/>
      <dc:title>Masbegin Dani</dc:title>
      <dcterms:extent>00:04:07</dcterms:extent>
      <dcterms:isPartOf>Colin Huehns fieldwork recordings</dcterms:isPartOf>
      <dcterms:isPartOf rdf:resource="http://sounds.bl.uk/World-and-traditional-music/Colin-Huehns-Pakistan"/>
      <dcterms:spatial>Gakooch, Northern Areas, Pakistan</dcterms:spatial>
      <edm:type>SOUND</edm:type>
   </edm:ProvidedCHO>
   <ore:Aggregation rdf:about="http://mint-projects.image.ntua.gr/data/sounds/Aggregation_C0485X0047XX-0300">
      <edm:aggregatedCHO rdf:resource="http://mint-projects.image.ntua.gr/data/sounds/C0485X0047XX-0300"/>
      <edm:dataProvider>The British Library</edm:dataProvider>
      <edm:isShownAt rdf:resource="http://sounds.bl.uk/World-and-traditional-music/Colin-Huehns-Pakistan/025M-C0485X0047XX-0300V0"/>
      <edm:object rdf:resource="http://sounds.bl.uk/waveforms/Colin-Huehns-Pakistan/025A-C0485X0047XX-0300A0.png"/>
      <edm:provider>Europeana Sounds</edm:provider>
      <edm:rights rdf:resource="http://www.europeana.eu/rights/rr-f/"/>
   </ore:Aggregation>
</rdf:RDF>