<?xml version="1.0"  encoding="UTF-8" ?>
<rdf:RDF xmlns:edm="http://www.europeana.eu/schemas/edm/" xmlns:xalan="http://xml.apache.org/xalan" xmlns:foaf="http://xmlns.com/foaf/0.1/" xmlns:mo="http://purl.org/ontology/mo/" xmlns:ore="http://www.openarchives.org/ore/terms/" xmlns:owl="http://www.w3.org/2002/07/owl#" xmlns:rdaGr2="http://rdvocab.info/ElementsGr2/" xmlns:cld="http://purl.org/cld/terms/" xmlns:rdf="http://www.w3.org/1999/02/22-rdf-syntax-ns#" xmlns:crm="http://www.cidoc-crm.org/rdfs/cidoc_crm_v5.0.2_english_label.rdfs#" xmlns:rdfs="http://www.w3.org/2000/01/rdf-schema#" xmlns:dc="http://purl.org/dc/elements/1.1/" xmlns:schema="http://schema.org/" xmlns:dcterms="http://purl.org/dc/terms/" xmlns:skos="http://www.w3.org/2004/02/skos/core#" xmlns:ebucore="http://www.ebu.ch/metadata/ontologies/ebucore/ebucore#" xmlns:wgs84="http://www.w3.org/2003/01/geo/wgs84_pos#"><edm:ProvidedCHO rdf:about="http://mint-projects.image.ntua.gr/data/sounds/4953974"><dc:contributor xml:lang="nl">Bandy, Lou; Kersjes, Anton (dirigent); Tuschinski Theater Orkest</dc:contributor><dc:description xml:lang="nl">Platenlabel: Telefunken; AH 147 Matrijs A: HO 95 Matrijs B: HO 96  84001 Telefunken  84309 Columbia</dc:description><dc:description xml:lang="nl">Bevat de volgende nummers:</dc:description><dc:identifier>4953974</dc:identifier><dc:publisher>Telefunken</dc:publisher><dc:relation xml:lang="nl">Geluidsregistraties - Overig materiaal</dc:relation><dc:subject xml:lang="nl">dirigent</dc:subject><dc:title>Selectie: Lou Bandy successen No. 1 - eerste deel; Het leven is heus niet zo kwaad; Mag ik van u een foto; Lou met de geit; Meisje ga je mee vissen; Het blauwe hoedje; Dat zou je wel willen</dc:title><dc:type xml:lang="nl">muziekuitvoering</dc:type><dcterms:alternative>Selectie: Lou Bandy successen No. 1 - eerste deel; Het leven is heus niet zo kwaad; Mag ik van u een foto; Lou met de geit; Meisje ga je mee vissen; Het blauwe hoedje; Dat zou je wel willen; Selectie: Lou Bandy successen No. 1 - tweede deel; Ja, als je trouwen gaat; Mens, ga niet met ruzie van elkander; Zoek de zon op !; Schep vreugde in het leven; vraag niet m'n jongen; Rats, kuch en bonen; Wie heeft er suiker; Louise</dcterms:alternative><dcterms:isPartOf xml:lang="nl">HANDELSPLATEN</dcterms:isPartOf><edm:type>SOUND</edm:type><ebucore:hasGenre rdf:resource="http://data.europeana.eu/concept/soundgenres/Music/Western_classical_music"/><ebucore:hasGenre xml:lang="nl">Lichte muziek</ebucore:hasGenre><ebucore:duration>0:03:18</ebucore:duration></edm:ProvidedCHO><ore:Aggregation rdf:about="http://mint-projects.image.ntua.gr/data/sounds/Aggregation_4953974"><edm:aggregatedCHO rdf:resource="http://mint-projects.image.ntua.gr/data/sounds/4953974"/><edm:dataProvider>Netherlands Institute for Sound and Vision</edm:dataProvider><edm:isShownAt rdf:resource="http://in.beeldengeluid.nl/"/><edm:provider>Europeana Sounds</edm:provider><edm:rights rdf:resource="http://www.europeana.eu/rights/rr-f/"/></ore:Aggregation></rdf:RDF>