<?xml version="1.0"  encoding="UTF-8" ?>
<rdf:RDF xmlns:edm="http://www.europeana.eu/schemas/edm/" xmlns:xalan="http://xml.apache.org/xalan" xmlns:foaf="http://xmlns.com/foaf/0.1/" xmlns:mo="http://purl.org/ontology/mo/" xmlns:ore="http://www.openarchives.org/ore/terms/" xmlns:owl="http://www.w3.org/2002/07/owl#" xmlns:rdaGr2="http://rdvocab.info/ElementsGr2/" xmlns:cld="http://purl.org/cld/terms/" xmlns:rdf="http://www.w3.org/1999/02/22-rdf-syntax-ns#" xmlns:crm="http://www.cidoc-crm.org/rdfs/cidoc_crm_v5.0.2_english_label.rdfs#" xmlns:rdfs="http://www.w3.org/2000/01/rdf-schema#" xmlns:dc="http://purl.org/dc/elements/1.1/" xmlns:schema="http://schema.org/" xmlns:dcterms="http://purl.org/dc/terms/" xmlns:skos="http://www.w3.org/2004/02/skos/core#" xmlns:ebucore="http://www.ebu.ch/metadata/ontologies/ebucore/ebucore#" xmlns:wgs84="http://www.w3.org/2003/01/geo/wgs84_pos#"><edm:ProvidedCHO rdf:about="http://mint-projects.image.ntua.gr/data/sounds/4951541"><dc:contributor xml:lang="nl">Akkordeonette; Orsouw, Coen van (dirigent)</dc:contributor><dc:description xml:lang="nl">Platenlabel: Olympia; 5643 Matrijs A: 18204 Matrijs B: 18205  35919 Uitleenkaart: ja</dc:description><dc:description xml:lang="nl">Bevat de volgende nummers:</dc:description><dc:identifier>4951541</dc:identifier><dc:publisher>Olympia</dc:publisher><dc:relation xml:lang="nl">Geluidsregistraties - Overig materiaal</dc:relation><dc:subject xml:lang="nl">dirigent</dc:subject><dc:title>Selectie: Marsch Potpourri No. 1; Oh, wat een club; Appeltjes van Oranje; Piet, speel een deuntje; Als op 't pleintje</dc:title><dc:type xml:lang="nl">muziekuitvoering</dc:type><dcterms:alternative>Selectie: Marsch Potpourri No. 1; Oh, wat een club; Appeltjes van Oranje; Piet, speel een deuntje; Als op 't pleintje; Selectie: Marsch Potpourri No. 2; Papieren toeter; Hiep hoera; Oh mijn Sarie Marais; Hup Holland hup</dcterms:alternative><dcterms:isPartOf xml:lang="nl">HANDELSPLATEN</dcterms:isPartOf><edm:type>SOUND</edm:type><ebucore:hasGenre rdf:resource="http://data.europeana.eu/concept/soundgenres/Music/Western_classical_music"/><ebucore:hasGenre xml:lang="nl">Lichte muziek</ebucore:hasGenre><ebucore:duration>0:02:56</ebucore:duration></edm:ProvidedCHO><ore:Aggregation rdf:about="http://mint-projects.image.ntua.gr/data/sounds/Aggregation_4951541"><edm:aggregatedCHO rdf:resource="http://mint-projects.image.ntua.gr/data/sounds/4951541"/><edm:dataProvider>Netherlands Institute for Sound and Vision</edm:dataProvider><edm:isShownAt rdf:resource="http://in.beeldengeluid.nl/"/><edm:provider>Europeana Sounds</edm:provider><edm:rights rdf:resource="http://www.europeana.eu/rights/rr-f/"/></ore:Aggregation></rdf:RDF>