<?xml version="1.0" encoding="UTF-8"?>
<rdf:RDF xmlns:edm="http://www.europeana.eu/schemas/edm/"
         xmlns:xalan="http://xml.apache.org/xalan"
         xmlns:foaf="http://xmlns.com/foaf/0.1/"
         xmlns:mo="http://purl.org/ontology/mo/"
         xmlns:ore="http://www.openarchives.org/ore/terms/"
         xmlns:owl="http://www.w3.org/2002/07/owl#"
         xmlns:rdaGr2="http://rdvocab.info/ElementsGr2/"
         xmlns:cld="http://purl.org/cld/terms/"
         xmlns:rdf="http://www.w3.org/1999/02/22-rdf-syntax-ns#"
         xmlns:crm="http://www.cidoc-crm.org/rdfs/cidoc_crm_v5.0.2_english_label.rdfs#"
         xmlns:rdfs="http://www.w3.org/2000/01/rdf-schema#"
         xmlns:dc="http://purl.org/dc/elements/1.1/"
         xmlns:schema="http://schema.org/"
         xmlns:dcterms="http://purl.org/dc/terms/"
         xmlns:skos="http://www.w3.org/2004/02/skos/core#"
         xmlns:ebucore="http://www.ebu.ch/metadata/ontologies/ebucore/ebucore#"
         xmlns:wgs84="http://www.w3.org/2003/01/geo/wgs84_pos#">
   <edm:ProvidedCHO rdf:about="http://mint-projects.image.ntua.gr/data/sounds/C0023X0040XX-0100">
      <dc:contributor>Cooke, Peter (recordist)</dc:contributor>
      <dc:contributor> (author)</dc:contributor>
      <dc:contributor> (composer)</dc:contributor>
      <dc:coverage> (director)</dc:coverage>
      <dc:coverage> (conductor)</dc:coverage>
      <dc:coverage>Banadda, Godfrey (male); Cooke, Peter (male); Maganda, Byekwaso (male) (speaker)</dc:coverage>
      <dc:date>20/07/1988</dc:date>
      <dc:description>Performance note: Banadda (Culture Officer for Iganga district) questions Maganda on behalf of fieldworker and translates at intervals during the discussion. Certain spirits are called at night when light is not wanted. Some curing takes place during day. Maganda can call spirits during day and offerings may be photographed and filmed  during day. At night some rituals may not be photographed. People can be possessed during daytime also. Banadda asks why spirits do not come on to the patient during the day. Replies that as a medium he himself can be possessed during day. At night the more powerful spirits operate. Patients during the day do not talk. Lubaales [ancestral spirits] operate during the day through Maganda as a medium. At night he is not possessed, his patients are. At night the spirits can talk through the air, not through the patient nor through the medium. Others are present, including musicians. There can be a battle between the good and the bad spirits who are troubling the patient. Maganda does not know where the bad spirits go to, but patient gets well. There is also drumming at night. Drumming is not essential to possession, singing can acheive possession. Drumming is essential to call Lubaale, but not Mayembe. Lubaale are ancestral spirits. Mayembe are evil spirits, out of the clan. Maganda's huts are for the Lubaale.  Byekwaso explains in Lusoga how he became a Muswezi (to be translated). Process began on Jan 4 1957. Was previously a normal person, but fell sick, went beserk. Mediums were consulted who decided Lubaale was disturbing him. The Lubaale insisted that he become a healer also. A healer called Lugero trained him initially, but he changed to another man. He has drummers living around, but if it is a big occasion he gets other drummers along. Drummers have their own spirits, being baswezi. Being a muswezi drummer is not necessarily inherited. Must learn appropriate drum texts (like emibala) from the omuswezi. Drumming the emibala is a necessary preliminary. The engwara players are "daughters" of Kintu, they blow them to identify themselves. The singing is the whole harmonising effect of people who have gathered to express their devotion to Kintu. Course of ceremony is traced. Drums sound the emibala, rattles also important. Singing follows. Performer's note: Godfrey Banadda, culture officer; Byekwaso Maganda, herbalist. Recording note: Recorded at 3 3/4 ips on right channel only. Recordist's note: In Peter Cooke's notes, this is PCUG88.1.1.</dc:description>
      <dc:identifier>C0023X0040XX-0100</dc:identifier>
      <dc:language>Soga</dc:language>
      <dc:relation>C23/40</dc:relation>
      <dc:subject rdf:resource="http://data.europeana.eu/concept/soundgenres/Music/Traditional_and_folk_music"/>
      <dc:title>Information on Maganda's work as a healer</dc:title>
      <dcterms:isPartOf rdf:resource="http://sounds.bl.uk/World-and-traditional-music/Peter-Cooke-Uganda"/>
      <dcterms:isPartOf>Peter Cooke Uganda Recordings</dcterms:isPartOf>
      <dcterms:spatial>Kawete village, Iganga district, Busoga, Uganda</dcterms:spatial>
      <edm:type>SOUND</edm:type>
   </edm:ProvidedCHO>
   <ore:Aggregation rdf:about="http://mint-projects.image.ntua.gr/data/sounds/Aggregation_C0023X0040XX-0100">
      <edm:aggregatedCHO rdf:resource="http://mint-projects.image.ntua.gr/data/sounds/C0023X0040XX-0100"/>
      <edm:dataProvider>The British Library</edm:dataProvider>
      <edm:isShownAt rdf:resource="http://sounds.bl.uk/World-and-traditional-music/Peter-Cooke-Uganda/025M-C0023X0040XX-0100V0"/>
      <edm:object rdf:resource="http://sounds.bl.uk/waveforms/Peter-Cooke-Uganda/025A-C0023X0040XX-0100A0.png"/>
      <edm:provider>Europeana Sounds</edm:provider>
      <dc:rights>The British Library acknowledges the intellectual property rights of those named as contributors and the rights of those not identified. Please refer to the library's legal and ethical usage page: http://sounds.bl.uk/Information/Legal-And-Ethical-Usage </dc:rights>
      <edm:rights rdf:resource="http://www.europeana.eu/rights/rr-f/"/>
   </ore:Aggregation>
</rdf:RDF>