<?xml version="1.0" encoding="UTF-8"?>
<rdf:RDF xmlns:edm="http://www.europeana.eu/schemas/edm/"
         xmlns:xalan="http://xml.apache.org/xalan"
         xmlns:foaf="http://xmlns.com/foaf/0.1/"
         xmlns:mo="http://purl.org/ontology/mo/"
         xmlns:ore="http://www.openarchives.org/ore/terms/"
         xmlns:owl="http://www.w3.org/2002/07/owl#"
         xmlns:rdaGr2="http://rdvocab.info/ElementsGr2/"
         xmlns:cld="http://purl.org/cld/terms/"
         xmlns:rdf="http://www.w3.org/1999/02/22-rdf-syntax-ns#"
         xmlns:crm="http://www.cidoc-crm.org/rdfs/cidoc_crm_v5.0.2_english_label.rdfs#"
         xmlns:rdfs="http://www.w3.org/2000/01/rdf-schema#"
         xmlns:dc="http://purl.org/dc/elements/1.1/"
         xmlns:schema="http://schema.org/"
         xmlns:dcterms="http://purl.org/dc/terms/"
         xmlns:skos="http://www.w3.org/2004/02/skos/core#"
         xmlns:ebucore="http://www.ebu.ch/metadata/ontologies/ebucore/ebucore#"
         xmlns:wgs84="http://www.w3.org/2003/01/geo/wgs84_pos#">
   <edm:ProvidedCHO rdf:about="http://mint-projects.image.ntua.gr/data/sounds/C0023X0044XX-0200">
      <dc:contributor>Kabooga, R. (empuunyi)</dc:contributor>
      <dc:contributor>Kapere , P. (mwawuzi)</dc:contributor>
      <dc:contributor>Maganda, F. (first bass mixer)</dc:contributor>
      <dc:contributor>Mutasa, G. (second bass mixer)</dc:contributor>
      <dc:contributor>Mutasa, M. (mutabuzi)</dc:contributor>
      <dc:contributor>Mutasa, W. (obutoma solo)</dc:contributor>
      <dc:contributor>Nabirye, Esther (dancer)</dc:contributor>
      <dc:contributor>Nabirye, Night (dancer)</dc:contributor>
      <dc:contributor>Unidentified (men, children)</dc:contributor>
      <dc:contributor>Cooke, Peter (recordist)</dc:contributor>
      <dc:contributor> (author)</dc:contributor>
      <dc:contributor> (composer)</dc:contributor>
      <dc:coverage> (director)</dc:coverage>
      <dc:coverage> (conductor)</dc:coverage>
      <dc:coverage> (speaker)</dc:coverage>
      <dc:date>27/07/1988</dc:date>
      <dc:description>Item note: Embaire song in kinyole style. Performance note: Singers join in with children singing the responses. Performer's note: Men and Children of Kawete village. F. Maganda - first bass mixer, G.  Mutasa - second bass mixer, Night Nabirye - dancer, Esther Nabirye (younger sister) - dancer, R. Kabooga - empuunyi (solo bass), M. Mutasa - mutabuzi (mixer), P. Kapere - mwawuzi (starter). Recording note: Recorded at 7+ips. Recordist's note: In Peter Cooke's notes, this is PCUG88.11.2.</dc:description>
      <dc:identifier>C0023X0044XX-0200</dc:identifier>
      <dc:language>Soga</dc:language>
      <dc:relation>C23/44</dc:relation>
      <dc:subject>Embaire song in kinyole style</dc:subject>
      <dc:subject>empuunyi</dc:subject>
      <dc:subject>mwawuzi</dc:subject>
      <dc:subject>first bass mixer</dc:subject>
      <dc:subject>second bass mixer</dc:subject>
      <dc:subject>mutabuzi</dc:subject>
      <dc:subject>obutoma solo</dc:subject>
      <dc:subject>dancer</dc:subject>
      <dc:subject>children</dc:subject>
      <dc:subject rdf:resource="http://data.europeana.eu/concept/soundgenres/Music/Traditional_and_folk_music"/>
      <dc:title>Mary yange guma omwoyo, part 1 of 3</dc:title>
      <dcterms:isPartOf rdf:resource="http://sounds.bl.uk/World-and-traditional-music/Peter-Cooke-Uganda"/>
      <dcterms:isPartOf>Peter Cooke Uganda Recordings</dcterms:isPartOf>
      <dcterms:spatial>James Maganda's homestead, Kawete, Busoga, Uganda</dcterms:spatial>
      <edm:type>SOUND</edm:type>
   </edm:ProvidedCHO>
   <ore:Aggregation rdf:about="http://mint-projects.image.ntua.gr/data/sounds/Aggregation_C0023X0044XX-0200">
      <edm:aggregatedCHO rdf:resource="http://mint-projects.image.ntua.gr/data/sounds/C0023X0044XX-0200"/>
      <edm:dataProvider>The British Library</edm:dataProvider>
      <edm:isShownAt rdf:resource="http://sounds.bl.uk/World-and-traditional-music/Peter-Cooke-Uganda/025M-C0023X0044XX-0200V0"/>
      <edm:object rdf:resource="http://sounds.bl.uk/waveforms/Peter-Cooke-Uganda/025A-C0023X0044XX-0200A0.png"/>
      <edm:provider>Europeana Sounds</edm:provider>
      <dc:rights>The British Library acknowledges the intellectual property rights of those named as contributors and the rights of those not identified. Please refer to the library's legal and ethical usage page: http://sounds.bl.uk/Information/Legal-And-Ethical-Usage </dc:rights>
      <edm:rights rdf:resource="http://www.europeana.eu/rights/rr-f/"/>
   </ore:Aggregation>
</rdf:RDF>