<?xml version="1.0" encoding="UTF-8"?>
<rdf:RDF xmlns:edm="http://www.europeana.eu/schemas/edm/"
         xmlns:xalan="http://xml.apache.org/xalan"
         xmlns:foaf="http://xmlns.com/foaf/0.1/"
         xmlns:mo="http://purl.org/ontology/mo/"
         xmlns:ore="http://www.openarchives.org/ore/terms/"
         xmlns:owl="http://www.w3.org/2002/07/owl#"
         xmlns:rdaGr2="http://rdvocab.info/ElementsGr2/"
         xmlns:cld="http://purl.org/cld/terms/"
         xmlns:rdf="http://www.w3.org/1999/02/22-rdf-syntax-ns#"
         xmlns:crm="http://www.cidoc-crm.org/rdfs/cidoc_crm_v5.0.2_english_label.rdfs#"
         xmlns:rdfs="http://www.w3.org/2000/01/rdf-schema#"
         xmlns:dc="http://purl.org/dc/elements/1.1/"
         xmlns:schema="http://schema.org/"
         xmlns:dcterms="http://purl.org/dc/terms/"
         xmlns:skos="http://www.w3.org/2004/02/skos/core#"
         xmlns:ebucore="http://www.ebu.ch/metadata/ontologies/ebucore/ebucore#"
         xmlns:wgs84="http://www.w3.org/2003/01/geo/wgs84_pos#">
   <edm:ProvidedCHO rdf:about="http://mint-projects.image.ntua.gr/data/sounds/C0023X0054XX-0100">
      <dc:contributor>Kimbwa, Abudu (entaala)</dc:contributor>
      <dc:contributor>Kyobe (entaala)</dc:contributor>
      <dc:contributor>Musoke, Ssebuwufu (entaala)</dc:contributor>
      <dc:contributor>Cooke, Peter (recordist)</dc:contributor>
      <dc:contributor> (author)</dc:contributor>
      <dc:contributor> (composer)</dc:contributor>
      <dc:coverage> (director)</dc:coverage>
      <dc:coverage> (conductor)</dc:coverage>
      <dc:coverage> (speaker)</dc:coverage>
      <dc:date>30/01/1992</dc:date>
      <dc:description>Performance note: This item contains 19 entries: (1) Omulogo alina emmere tabula gwafa = A witch with food cannot fail to get anyone to kill. Finally played after considerable practice and after Andrew Cooke had noted down the tune. 18 x 2  pattern not in Kubik's collection. Okunaga: 3 5 5 3 2 1 2 5 1 3 4 4 1 3 3 5 2 1; Owawula: 4 5 5 3 4 5 4 5 1 4 5 4 2 4 3 5 3 3; position of entry as yet uncertain. Followed by question: are there many words to the song. Longish explanation follows. There are plenty - Temuteo Mukasa used to sing this to his ennanga harp. Phrases from the song  are recited after. Asked if Sempirwa can sing while playing the part. He does so. Many congratulations afterwards and laughter. Tune not in Anderson or Kubik. Actual amadinda song performance begins at c 2' 15". (2) Nandikuwadde enyanja e kalidde. Also known as "Kalagala e Bbembe" - Anderson No. 117. Once xylophone begins one singer begins to sing the part. Much laughter provoked during the performance possibly by field-worker dancing. (3) Atalabanga mmundu agende Buleega. Anderson no.104. Played twice (second time at pgm04, c.14'). Much discussion about singing the words, variations, etc. afterwards. (4) Gganga. Anderson no. 53. Played twice with some discussion in between. Doesn't always hang together perfectly. (5) Gganga. Joking follows the song  ("Gw'olabye Gganga"). (6) Agenda n'omulungi azaawa. Anderson no.146. Some practice beforehand. Omukoonezi practices the top part for some time afterwards. (7) Omusango gw'abalere, part 1 of 3. Anderson no. 80. With Abudu singing of texts accompanying. Different muko from that fieldworkers are used to. (8) Omusango gw'abalere, part 2 of 3. Played poorly in the muko the fieldworkers know. Fieldworkers playing some parts. (9) Omusango gw'abalere, part 3 of 3. Repeat of previous item. (10) "I just want to record the tuning of this". Measurement of tuning of instrument. Notes repeatedy struck by fieldworker. Top two notes sound rather flat. (11) Omusango gw'abalere. Played briefly with Abudu singing more of the text and Andrew Cooke and others providing snatches of the entamiivu rhythm. At end Peter Cooke asks about tuning of the top two keys which sound rather flat to him. Some testing of keys follows plus discussion. PC asks what should be done to make it better. Much tapping of keys and discussion follows. (12) Omusango gw'abalere. After several practice starts. Then followed by a request that the entamiivu rhythms be played over. The reply is there is little variation in entamiivu rhythms. But when playing variations on entaala you base them on words."You cannot put in variations unless you are going with the tune and the words at the the same time". Food is taken at this point. (13) [A]taakulubeere akusibira ya menvu. Anderson no. 130. Title of tune announced before item begins. Inconsequential chat briefly after this item. Begins with Kubik's okwawula part first (some small differences and different muko also). Similar to Anderson but not identical. (14) Eyalagula Nsimbi Teyalagula? 12 note pattern on each part; Okunaga or Omunazi goes 545321511441. (15) Ssewaswa kazaala abalongo. Anderson no. 138. Preceeded by some practice of another part for a different tune. Followed by some practice of okukooneera part and by further request for demonstration of entamiivu drumming. (pgm 21-22) They refuse - out of respect for the drums. They have no drums in any case which can play with 'a big voice'. If the information is passed on to the Ssabataka and he gives directives to Sonko and Kawuula (the head man of the palace drums) then the drums can be prepared and then they will give a proper demonstration. They want us to take something 'fine and pure'. (16) Omuganzi lwabuuze omukyawe lwalya? Anderson no. 66. Called Mugowa lw'atakiise also in Kubik Amadinda piece no. 24 [see: Kubik, Gerhard (1969): "Composition Techniques in Kiganda Xylophone Music" in AFRICAN MUSIC, vol. 4, no. 3, p.22-72]. Previous piece of video is with Andy playing Nandikuwadde with them. [for omunazi and okunaga parts see Peter Cooke file in Sound Archive office]. Played quietly in upper octave only to begin with. Followed by info that they can play songs from morning to evening without repeating. The okukoonera part is rather loud and out of tune. (17) Veneneka. Same as no. 7 in Play Amadinda.  Anderson No. 71. Mentions balagana enkonge as part of the title. Performed  with with Abudu singing the words throughout the piece. Laughter follows. Anderson No. 32. during performance one mic is moved closer to singer. Repeated again at request of Andy in higher octave first then with sep parts at first then both together for 1'36". (18) Nagenda kasana. (19) Kaalo kekamu okuva abakyala bannabwe. Same essentially as Kubik Amadinda piece no. 38 [see: Kubik, Gerhard (1969): "Composition Techniques in Kiganda Xylophone Music" in AFRICAN MUSIC, vol. 4, no. 3, p.22-72]. Andy's notes give one more song Enkejje namuwanula (c.f. Anderson 123) but not recorded. (19) Flatness of top two notes especially noticeable here. Recording note: Stereo digital recordings were made using a Sony DAT Walkman machine on cassettes mostly of two hours duration with Sennheiser omnidirectional microphones. Recordist's note: In Peter Cooke's notes, this is PCUG92.4.1 (pgm 01); 4.2  (pgm 02); 4.3; 4.4; 4.5 (pgm06); 4.6 (pgm 07); 4.7 (pgm 08); 4.8 (pgm 09 and 10); 4.9; 4.10 (pgm 11); 4.11 (pgm 12); 4.12 (pgm 13); 4.13  (pgm 14); 4.14 (pgm 15); 4.15 (pgm 17); 4.16 (pgm 18 ); 4.17 (pgm 19); 4.18 (pgm20); 4.19 (pgm n21).</dc:description>
      <dc:identifier>C0023X0054XX-0100</dc:identifier>
      <dc:language>Ganda</dc:language>
      <dc:relation>C23/54</dc:relation>
      <dc:subject>Entaala (xylophone) song</dc:subject>
      <dc:subject>entaala</dc:subject>
      <dc:subject>entaala</dc:subject>
      <dc:subject>entaala</dc:subject>
      <dc:subject rdf:resource="http://data.europeana.eu/concept/soundgenres/Music/Traditional_and_folk_music"/>
      <dc:title>Entaala (xylophone) songs and discussion</dc:title>
      <dcterms:isPartOf rdf:resource="http://sounds.bl.uk/World-and-traditional-music/Peter-Cooke-Uganda"/>
      <dcterms:isPartOf>Peter Cooke Uganda Recordings</dcterms:isPartOf>
      <dcterms:spatial>Home of Wilson Ssempira, Edward Musoke and friends, Kawomya, Bukoonja, Buganda, Uganda</dcterms:spatial>
      <edm:type>SOUND</edm:type>
   </edm:ProvidedCHO>
   <ore:Aggregation rdf:about="http://mint-projects.image.ntua.gr/data/sounds/Aggregation_C0023X0054XX-0100">
      <edm:aggregatedCHO rdf:resource="http://mint-projects.image.ntua.gr/data/sounds/C0023X0054XX-0100"/>
      <edm:dataProvider>The British Library</edm:dataProvider>
      <edm:isShownAt rdf:resource="http://sounds.bl.uk/World-and-traditional-music/Peter-Cooke-Uganda/025M-C0023X0054XX-0100V0"/>
      <edm:object rdf:resource="http://sounds.bl.uk/waveforms/Peter-Cooke-Uganda/025A-C0023X0054XX-0100A0.png"/>
      <edm:provider>Europeana Sounds</edm:provider>
      <dc:rights>The British Library acknowledges the intellectual property rights of those named as contributors and the rights of those not identified. Please refer to the library's legal and ethical usage page: http://sounds.bl.uk/Information/Legal-And-Ethical-Usage </dc:rights>
      <edm:rights rdf:resource="http://www.europeana.eu/rights/rr-f/"/>
   </ore:Aggregation>
</rdf:RDF>