<?xml version="1.0" encoding="UTF-8"?>
<rdf:RDF xmlns:edm="http://www.europeana.eu/schemas/edm/"
         xmlns:xalan="http://xml.apache.org/xalan"
         xmlns:foaf="http://xmlns.com/foaf/0.1/"
         xmlns:mo="http://purl.org/ontology/mo/"
         xmlns:ore="http://www.openarchives.org/ore/terms/"
         xmlns:owl="http://www.w3.org/2002/07/owl#"
         xmlns:rdaGr2="http://rdvocab.info/ElementsGr2/"
         xmlns:cld="http://purl.org/cld/terms/"
         xmlns:rdf="http://www.w3.org/1999/02/22-rdf-syntax-ns#"
         xmlns:crm="http://www.cidoc-crm.org/rdfs/cidoc_crm_v5.0.2_english_label.rdfs#"
         xmlns:rdfs="http://www.w3.org/2000/01/rdf-schema#"
         xmlns:dc="http://purl.org/dc/elements/1.1/"
         xmlns:schema="http://schema.org/"
         xmlns:dcterms="http://purl.org/dc/terms/"
         xmlns:skos="http://www.w3.org/2004/02/skos/core#"
         xmlns:ebucore="http://www.ebu.ch/metadata/ontologies/ebucore/ebucore#"
         xmlns:wgs84="http://www.w3.org/2003/01/geo/wgs84_pos#">
   <edm:ProvidedCHO rdf:about="http://mint-projects.image.ntua.gr/data/sounds/C0023X0025XX-1300">
      <dc:contributor>Kaijakubi, Mrs. Esitari (dancer)</dc:contributor>
      <dc:contributor>Magambo, Blasto (long drum)</dc:contributor>
      <dc:contributor>Magambo, Blasto (short flute)</dc:contributor>
      <dc:contributor>Manyoru, Wandera (akabuutu)</dc:contributor>
      <dc:contributor>Nyakalaya, Rusi (short flute)</dc:contributor>
      <dc:contributor>Nyamijumbi, Esiteri (short flute)</dc:contributor>
      <dc:contributor>Rubanga, Mr. Kato (dancer)</dc:contributor>
      <dc:contributor>Rugadya, Tegras (long flute)</dc:contributor>
      <dc:contributor>Cooke, Peter ; Faini, Professor Phil (West Virginia University) (recordist)</dc:contributor>
      <dc:contributor> (author)</dc:contributor>
      <dc:contributor> (composer)</dc:contributor>
      <dc:coverage> (director)</dc:coverage>
      <dc:coverage> (conductor)</dc:coverage>
      <dc:coverage> (speaker)</dc:coverage>
      <dc:date>1/6/1968</dc:date>
      <dc:description>Item note: Omuhiigo g'Enjubu (song after successful hunt of hippo). Performance note: On large flute Tegras Rugaya  played mostly in the second octave including when he gave the tuning in item b; Peter Cooke plays notes on other flutes to give scale (hexatonic). Also features akabuutu drum. Performer's note: Tegras Rugadya (Deo gracias) of the Muhinda clan (long flute). Recording note: Copied from Faini's 5th tape since own recordings had not been successful (Uher microphone problem). Recordist's note: In Peter Cooke's notes, this is PCUG1964-8.34.B2 a and b [Announced as item no. 12].</dc:description>
      <dc:identifier>C0023X0025XX-1300</dc:identifier>
      <dc:language>Gungu</dc:language>
      <dc:relation>C23/25</dc:relation>
      <dc:subject>Omuhiigo g'Enjubu (song after successful hunt of hippo)</dc:subject>
      <dc:subject>dancer</dc:subject>
      <dc:subject>long drum</dc:subject>
      <dc:subject>short flute</dc:subject>
      <dc:subject>akabuutu</dc:subject>
      <dc:subject>short flute</dc:subject>
      <dc:subject>short flute</dc:subject>
      <dc:subject>long flute</dc:subject>
      <dc:subject rdf:resource="http://data.europeana.eu/concept/soundgenres/Music/Traditional_and_folk_music"/>
      <dc:title>Enjubu (hippopotamus)</dc:title>
      <dcterms:isPartOf rdf:resource="http://sounds.bl.uk/World-and-traditional-music/Peter-Cooke-Uganda"/>
      <dcterms:isPartOf>Peter Cooke Uganda Recordings</dcterms:isPartOf>
      <dcterms:spatial>near shores of Lake Albert, Kisansya village, Bugungu Gombolola, Bunyoro District, Uganda</dcterms:spatial>
      <edm:type>SOUND</edm:type>
   </edm:ProvidedCHO>
   <ore:Aggregation rdf:about="http://mint-projects.image.ntua.gr/data/sounds/Aggregation_C0023X0025XX-1300">
      <edm:aggregatedCHO rdf:resource="http://mint-projects.image.ntua.gr/data/sounds/C0023X0025XX-1300"/>
      <edm:dataProvider>The British Library</edm:dataProvider>
      <edm:isShownAt rdf:resource="http://sounds.bl.uk/World-and-traditional-music/Peter-Cooke-Uganda/025M-C0023X0025XX-1300V0"/>
      <edm:object rdf:resource="http://sounds.bl.uk/waveforms/Peter-Cooke-Uganda/025A-C0023X0025XX-1300A0.png"/>
      <edm:provider>Europeana Sounds</edm:provider>
      <dc:rights>The British Library acknowledges the intellectual property rights of those named as contributors and the rights of those not identified. Please refer to the library's legal and ethical usage page: http://sounds.bl.uk/Information/Legal-And-Ethical-Usage </dc:rights>
      <edm:rights rdf:resource="http://www.europeana.eu/rights/rr-f/"/>
   </ore:Aggregation>
</rdf:RDF>