<?xml version="1.0" encoding="UTF-8"?>
<rdf:RDF xmlns:edm="http://www.europeana.eu/schemas/edm/"
         xmlns:xalan="http://xml.apache.org/xalan"
         xmlns:foaf="http://xmlns.com/foaf/0.1/"
         xmlns:mo="http://purl.org/ontology/mo/"
         xmlns:ore="http://www.openarchives.org/ore/terms/"
         xmlns:owl="http://www.w3.org/2002/07/owl#"
         xmlns:rdaGr2="http://rdvocab.info/ElementsGr2/"
         xmlns:cld="http://purl.org/cld/terms/"
         xmlns:rdf="http://www.w3.org/1999/02/22-rdf-syntax-ns#"
         xmlns:crm="http://www.cidoc-crm.org/rdfs/cidoc_crm_v5.0.2_english_label.rdfs#"
         xmlns:rdfs="http://www.w3.org/2000/01/rdf-schema#"
         xmlns:dc="http://purl.org/dc/elements/1.1/"
         xmlns:schema="http://schema.org/"
         xmlns:dcterms="http://purl.org/dc/terms/"
         xmlns:skos="http://www.w3.org/2004/02/skos/core#"
         xmlns:ebucore="http://www.ebu.ch/metadata/ontologies/ebucore/ebucore#"
         xmlns:wgs84="http://www.w3.org/2003/01/geo/wgs84_pos#">
   <edm:ProvidedCHO rdf:about="http://mint-projects.image.ntua.gr/data/sounds/C0023X0017XX-1100">
      <dc:contributor>Ocho, Asanasio (singer, male, ntongooli)</dc:contributor>
      <dc:contributor>Otyeno, Elisafanu (singer, male, ntongooli)</dc:contributor>
      <dc:contributor>Unidentified (dancers, leg bells)</dc:contributor>
      <dc:contributor>Unidentified (gwara)</dc:contributor>
      <dc:contributor>Unidentified (teke)</dc:contributor>
      <dc:contributor>Cooke, Peter ; Members of John Blacking's African music course (recordist)</dc:contributor>
      <dc:contributor> (author)</dc:contributor>
      <dc:contributor> (composer)</dc:contributor>
      <dc:coverage> (director)</dc:coverage>
      <dc:coverage> (conductor)</dc:coverage>
      <dc:coverage> (speaker)</dc:coverage>
      <dc:date>4/11/1965</dc:date>
      <dc:description>Item note: Historical song about the 1960 riot. Performance note: With ntongoolis (lyre), 1 teke (percussion beam), leg bells and gwala or gwara side-blown trumpet; Bells were crescent-shaped and worn on dancer's legs. Followed by tuning of ntongooli (item 22b) then 2nd ntongooli.  Second player than plays. Then 22c - both players playing together.  Otieno corrected the tuning of Ocho's instrument. Performer's note: Elisafanu Otyeno of Namwanga. Asanasio Ocho of Nabuyoga. Recording note: Recorded at 3 3/4 ips. Recordist's note: In Peter Cooke's notes, this is PCUG64-8.23.B3a, b, c, and d [announced as 22].</dc:description>
      <dc:identifier>C0023X0017XX-1100</dc:identifier>
      <dc:language>Adhola</dc:language>
      <dc:relation>C23/17</dc:relation>
      <dc:subject>Historical song</dc:subject>
      <dc:subject>ntongooli</dc:subject>
      <dc:subject>leg bells</dc:subject>
      <dc:subject>gwara</dc:subject>
      <dc:subject>teke</dc:subject>
      <dc:subject rdf:resource="http://data.europeana.eu/concept/soundgenres/Music/Traditional_and_folk_music"/>
      <dc:title>Lweng a biro</dc:title>
      <dcterms:isPartOf rdf:resource="http://sounds.bl.uk/World-and-traditional-music/Peter-Cooke-Uganda"/>
      <dcterms:isPartOf>Peter Cooke Uganda Recordings</dcterms:isPartOf>
      <dcterms:spatial>Nabyogo Primary School, Adhola county near Nagongera, Uganda</dcterms:spatial>
      <edm:type>SOUND</edm:type>
   </edm:ProvidedCHO>
   <ore:Aggregation rdf:about="http://mint-projects.image.ntua.gr/data/sounds/Aggregation_C0023X0017XX-1100">
      <edm:aggregatedCHO rdf:resource="http://mint-projects.image.ntua.gr/data/sounds/C0023X0017XX-1100"/>
      <edm:dataProvider>The British Library</edm:dataProvider>
      <edm:isShownAt rdf:resource="http://sounds.bl.uk/World-and-traditional-music/Peter-Cooke-Uganda/025M-C0023X0017XX-1100V0"/>
      <edm:object rdf:resource="http://sounds.bl.uk/waveforms/Peter-Cooke-Uganda/025A-C0023X0017XX-1100A0.png"/>
      <edm:provider>Europeana Sounds</edm:provider>
      <dc:rights>The British Library acknowledges the intellectual property rights of those named as contributors and the rights of those not identified. Please refer to the library's legal and ethical usage page: http://sounds.bl.uk/Information/Legal-And-Ethical-Usage </dc:rights>
      <edm:rights rdf:resource="http://www.europeana.eu/rights/rr-f/"/>
   </ore:Aggregation>
</rdf:RDF>