<?xml version="1.0" encoding="UTF-8"?>
<rdf:RDF xmlns:edm="http://www.europeana.eu/schemas/edm/"
         xmlns:xalan="http://xml.apache.org/xalan"
         xmlns:foaf="http://xmlns.com/foaf/0.1/"
         xmlns:mo="http://purl.org/ontology/mo/"
         xmlns:ore="http://www.openarchives.org/ore/terms/"
         xmlns:owl="http://www.w3.org/2002/07/owl#"
         xmlns:rdaGr2="http://rdvocab.info/ElementsGr2/"
         xmlns:cld="http://purl.org/cld/terms/"
         xmlns:rdf="http://www.w3.org/1999/02/22-rdf-syntax-ns#"
         xmlns:crm="http://www.cidoc-crm.org/rdfs/cidoc_crm_v5.0.2_english_label.rdfs#"
         xmlns:rdfs="http://www.w3.org/2000/01/rdf-schema#"
         xmlns:dc="http://purl.org/dc/elements/1.1/"
         xmlns:schema="http://schema.org/"
         xmlns:dcterms="http://purl.org/dc/terms/"
         xmlns:skos="http://www.w3.org/2004/02/skos/core#"
         xmlns:ebucore="http://www.ebu.ch/metadata/ontologies/ebucore/ebucore#"
         xmlns:wgs84="http://www.w3.org/2003/01/geo/wgs84_pos#">
   <edm:ProvidedCHO rdf:about="http://mint-projects.image.ntua.gr/data/sounds/C0023X0033XX-0500">
      <dc:contributor>Ndere Troupe</dc:contributor>
      <dc:contributor>Unidentified (flute)</dc:contributor>
      <dc:contributor>Unidentified (singers, female and male)</dc:contributor>
      <dc:contributor>Unidentified (xylophone)</dc:contributor>
      <dc:contributor>Cooke, Peter (recordist)</dc:contributor>
      <dc:contributor> (author)</dc:contributor>
      <dc:contributor> (composer)</dc:contributor>
      <dc:coverage> (director)</dc:coverage>
      <dc:coverage> (conductor)</dc:coverage>
      <dc:coverage> (speaker)</dc:coverage>
      <dc:date>13/09/1987</dc:date>
      <dc:description>Item note: Opening dialogue introduces a fishing song. Then a variety of Kiganda songs, including some in Baakisimba rhythm, mixed with spoken dialogue. Scottish song (incorporated into the musical play). Song continued on next tape - last two notes only! This was Cooke's first return visit to Uganda since 1968.  Many of the informants were old friends who had survived 19 years of political turmoil and war.  Conditions in southern Uganda were bad - the infrastructure of the country was in ruins  and manufactured goods were in desperately short supply.  Northern Uganda  was still at war with the new President of Uganda,  Museveni; The 1987 visit was made possible through the generosity of the Carnegie Trust for the Universities of Scotland and the Travel and Research Committee of the University of Edinburgh. Performance note: Flutes and xylophone also feature in ensemble. Leading character decides to go to Kigezi but plays "some decent music" before he goes. Choir sings very slowly and unaccompanied in four-part harmony. Recording note: Quality of recording reasonable - not so distant as originally thought. Tape runs out before end. Low modulation. Recordist's note: In Peter Cooke's notes, this is PCUG87.6.3 and 6.4.</dc:description>
      <dc:identifier>C0023X0033XX-0500</dc:identifier>
      <dc:language>Ganda</dc:language>
      <dc:relation>C23/33</dc:relation>
      <dc:subject>Scottish song (incorporated into the musical play)</dc:subject>
      <dc:subject>flute</dc:subject>
      <dc:subject>xylophone</dc:subject>
      <dc:subject rdf:resource="http://data.europeana.eu/concept/soundgenres/Music/Traditional_and_folk_music"/>
      <dc:title>Musical play, part 1 of 6 / Come along' or `Uist Tramping song'</dc:title>
      <dcterms:isPartOf rdf:resource="http://sounds.bl.uk/World-and-traditional-music/Peter-Cooke-Uganda"/>
      <dcterms:isPartOf>Peter Cooke Uganda Recordings</dcterms:isPartOf>
      <dcterms:spatial>Diplomat Hotel, Uganda</dcterms:spatial>
      <edm:type>SOUND</edm:type>
   </edm:ProvidedCHO>
   <ore:Aggregation rdf:about="http://mint-projects.image.ntua.gr/data/sounds/Aggregation_C0023X0033XX-0500">
      <edm:aggregatedCHO rdf:resource="http://mint-projects.image.ntua.gr/data/sounds/C0023X0033XX-0500"/>
      <edm:dataProvider>The British Library</edm:dataProvider>
      <edm:isShownAt rdf:resource="http://sounds.bl.uk/World-and-traditional-music/Peter-Cooke-Uganda/025M-C0023X0033XX-0500V0"/>
      <edm:object rdf:resource="http://sounds.bl.uk/waveforms/Peter-Cooke-Uganda/025A-C0023X0033XX-0500A0.png"/>
      <edm:provider>Europeana Sounds</edm:provider>
      <dc:rights>The British Library acknowledges the intellectual property rights of those named as contributors and the rights of those not identified. Please refer to the library's legal and ethical usage page: http://sounds.bl.uk/Information/Legal-And-Ethical-Usage </dc:rights>
      <edm:rights rdf:resource="http://www.europeana.eu/rights/rr-f/"/>
   </ore:Aggregation>
</rdf:RDF>