<?xml version="1.0" encoding="UTF-8"?>
<rdf:RDF xmlns:edm="http://www.europeana.eu/schemas/edm/"
         xmlns:xalan="http://xml.apache.org/xalan"
         xmlns:foaf="http://xmlns.com/foaf/0.1/"
         xmlns:mo="http://purl.org/ontology/mo/"
         xmlns:ore="http://www.openarchives.org/ore/terms/"
         xmlns:owl="http://www.w3.org/2002/07/owl#"
         xmlns:rdaGr2="http://rdvocab.info/ElementsGr2/"
         xmlns:cld="http://purl.org/cld/terms/"
         xmlns:rdf="http://www.w3.org/1999/02/22-rdf-syntax-ns#"
         xmlns:crm="http://www.cidoc-crm.org/rdfs/cidoc_crm_v5.0.2_english_label.rdfs#"
         xmlns:rdfs="http://www.w3.org/2000/01/rdf-schema#"
         xmlns:dc="http://purl.org/dc/elements/1.1/"
         xmlns:schema="http://schema.org/"
         xmlns:dcterms="http://purl.org/dc/terms/"
         xmlns:skos="http://www.w3.org/2004/02/skos/core#"
         xmlns:ebucore="http://www.ebu.ch/metadata/ontologies/ebucore/ebucore#"
         xmlns:wgs84="http://www.w3.org/2003/01/geo/wgs84_pos#">
   <edm:ProvidedCHO rdf:about="http://mint-projects.image.ntua.gr/data/sounds/C0023X0022XX-0900">
      <dc:contributor>Drawe, Pascasius (olere)</dc:contributor>
      <dc:contributor>Legbe, David (bells)</dc:contributor>
      <dc:contributor>Moini, Zacharia (small drum)</dc:contributor>
      <dc:contributor>Ndringa, Aureliu (olere)</dc:contributor>
      <dc:contributor>Ode, Robano (large drum)</dc:contributor>
      <dc:contributor>Wera, Laurence (bells)</dc:contributor>
      <dc:contributor>Cooke, Peter (recordist)</dc:contributor>
      <dc:contributor> (author)</dc:contributor>
      <dc:contributor>Drawe, Pascasius (composer)</dc:contributor>
      <dc:coverage> (director)</dc:coverage>
      <dc:coverage> (conductor)</dc:coverage>
      <dc:coverage> (speaker)</dc:coverage>
      <dc:date>1968-04-07 to 1968-04-08</dc:date>
      <dc:description>Item note: Olere flute song. Song composed in 1967 by Pascasius Drawe; song followed by recording of song alone and then individual flutes: sometimes the flutes are notched, sometimes obliquely rim blown; sometimes the flutes are closed and a hole used transverse fashion. Performance note: This recording features: two Olere flutes (notched, four-holed bamboo); three drums (one large, two small); bells. Performer's note: Pascasius Drawe (Metu clan) - Olere; Aureliu Ndringa (Metu clan); All teenage school boys. Recording note: Recorded at 3 3/4 ips. Recordist's note: In Peter Cooke's notes, this is PCUG64-8.29.A9.</dc:description>
      <dc:identifier>C0023X0022XX-0900</dc:identifier>
      <dc:language>Ma'di</dc:language>
      <dc:relation>C23/22</dc:relation>
      <dc:subject>Olere flute song</dc:subject>
      <dc:subject>olere</dc:subject>
      <dc:subject>bells</dc:subject>
      <dc:subject>small drum</dc:subject>
      <dc:subject>olere</dc:subject>
      <dc:subject>large drum</dc:subject>
      <dc:subject>bells</dc:subject>
      <dc:subject rdf:resource="http://data.europeana.eu/concept/soundgenres/Music/Traditional_and_folk_music"/>
      <dc:title>Nata nyeke mani fizi Coryi ni</dc:title>
      <dcterms:isPartOf rdf:resource="http://sounds.bl.uk/World-and-traditional-music/Peter-Cooke-Uganda"/>
      <dcterms:isPartOf>Peter Cooke Uganda Recordings</dcterms:isPartOf>
      <dcterms:spatial>Metu Pr.7 Integrated school, 5 miles off Gulu Road near Moyo, West Nile, Uganda</dcterms:spatial>
      <edm:type>SOUND</edm:type>
   </edm:ProvidedCHO>
   <ore:Aggregation rdf:about="http://mint-projects.image.ntua.gr/data/sounds/Aggregation_C0023X0022XX-0900">
      <edm:aggregatedCHO rdf:resource="http://mint-projects.image.ntua.gr/data/sounds/C0023X0022XX-0900"/>
      <edm:dataProvider>The British Library</edm:dataProvider>
      <edm:isShownAt rdf:resource="http://sounds.bl.uk/World-and-traditional-music/Peter-Cooke-Uganda/025M-C0023X0022XX-0900V0"/>
      <edm:object rdf:resource="http://sounds.bl.uk/waveforms/Peter-Cooke-Uganda/025A-C0023X0022XX-0900A0.png"/>
      <edm:provider>Europeana Sounds</edm:provider>
      <dc:rights>The British Library acknowledges the intellectual property rights of those named as contributors and the rights of those not identified. Please refer to the library's legal and ethical usage page: http://sounds.bl.uk/Information/Legal-And-Ethical-Usage </dc:rights>
      <edm:rights rdf:resource="http://www.europeana.eu/rights/rr-f/"/>
   </ore:Aggregation>
</rdf:RDF>