<?xml version="1.0" encoding="UTF-8"?>
<rdf:RDF xmlns:edm="http://www.europeana.eu/schemas/edm/"
         xmlns:xalan="http://xml.apache.org/xalan"
         xmlns:foaf="http://xmlns.com/foaf/0.1/"
         xmlns:mo="http://purl.org/ontology/mo/"
         xmlns:ore="http://www.openarchives.org/ore/terms/"
         xmlns:owl="http://www.w3.org/2002/07/owl#"
         xmlns:rdaGr2="http://rdvocab.info/ElementsGr2/"
         xmlns:cld="http://purl.org/cld/terms/"
         xmlns:rdf="http://www.w3.org/1999/02/22-rdf-syntax-ns#"
         xmlns:crm="http://www.cidoc-crm.org/rdfs/cidoc_crm_v5.0.2_english_label.rdfs#"
         xmlns:rdfs="http://www.w3.org/2000/01/rdf-schema#"
         xmlns:dc="http://purl.org/dc/elements/1.1/"
         xmlns:schema="http://schema.org/"
         xmlns:dcterms="http://purl.org/dc/terms/"
         xmlns:skos="http://www.w3.org/2004/02/skos/core#"
         xmlns:ebucore="http://www.ebu.ch/metadata/ontologies/ebucore/ebucore#"
         xmlns:wgs84="http://www.w3.org/2003/01/geo/wgs84_pos#">
   <edm:ProvidedCHO rdf:about="http://mint-projects.image.ntua.gr/data/sounds/C0023X0059XX-0100">
      <dc:contributor>Cooke, Andrew (amadinda)</dc:contributor>
      <dc:contributor>Muyinda, Evaristo 1916-1993 (singer, male, amadinda)</dc:contributor>
      <dc:contributor>Ssebuwufu, Simeo (singer, male)</dc:contributor>
      <dc:contributor>Cooke, Peter (recordist)</dc:contributor>
      <dc:contributor> (author)</dc:contributor>
      <dc:contributor> (composer)</dc:contributor>
      <dc:coverage> (director)</dc:coverage>
      <dc:coverage> (conductor)</dc:coverage>
      <dc:coverage> (speaker)</dc:coverage>
      <dc:date>7/2/1992</dc:date>
      <dc:description>Item note: Akadinda song. Performance note: (1) Ssebuwufu sings words for the song while Akadinda is played. (2) On small amadinda; preceded by chat with Muyinda asking Muyinda if he knows certain songs. Mr. Muyinda says he doesn't know entenga music. Plays Veneneka on his small amadinda with Andrew Cooke. Okunaga part is played over. (3) On small amadinda; Muyinda sings versions of the song. (4) On small amadinda; Mr. Muyinda plays with Andrew on small amadinda and then sings texts. (5) On small amadinda; Muyinda sings words. Muyinda is asked for the story about the song. Gives a brief explanation. This plague works very quickly, by one or two o'clock one is dead. Possibly dates back to Kabaka Kyabaggu. Then he takes his harp to tune it and is recorded doing so. Recording note: Stereo digital recordings were made using a Sony DAT Walkman machine on cassettes mostly of two hours duration with Sennheiser omnidirectional microphones. Recordist's note: In Peter Cooke's notes, this is PCUG92.9.1 (pgm 01); 9.2 (pgm 02); 9.3 (pgm 03); 9.4 (pgm 04); 9.5 (pgm 05).</dc:description>
      <dc:identifier>C0023X0059XX-0100</dc:identifier>
      <dc:language>Ganda</dc:language>
      <dc:relation>C23/59</dc:relation>
      <dc:subject>Akadinda song</dc:subject>
      <dc:subject>amadinda</dc:subject>
      <dc:subject rdf:resource="http://data.europeana.eu/concept/soundgenres/Music/Traditional_and_folk_music"/>
      <dc:title>Nanjobe / Veneneka / Mubandusa (Ebyasi) / Nandikuwadde (Kalagala e Bbembe) / Kawumpuli [?]</dc:title>
      <dcterms:isPartOf rdf:resource="http://sounds.bl.uk/World-and-traditional-music/Peter-Cooke-Uganda"/>
      <dcterms:isPartOf>Peter Cooke Uganda Recordings</dcterms:isPartOf>
      <dcterms:spatial>Music department, Institute of Teacher Education Kyambogo, Kampala, Uganda</dcterms:spatial>
      <edm:type>SOUND</edm:type>
   </edm:ProvidedCHO>
   <ore:Aggregation rdf:about="http://mint-projects.image.ntua.gr/data/sounds/Aggregation_C0023X0059XX-0100">
      <edm:aggregatedCHO rdf:resource="http://mint-projects.image.ntua.gr/data/sounds/C0023X0059XX-0100"/>
      <edm:dataProvider>The British Library</edm:dataProvider>
      <edm:isShownAt rdf:resource="http://sounds.bl.uk/World-and-traditional-music/Peter-Cooke-Uganda/025M-C0023X0059XX-0100V0"/>
      <edm:object rdf:resource="http://sounds.bl.uk/waveforms/Peter-Cooke-Uganda/025A-C0023X0059XX-0100A0.png"/>
      <edm:provider>Europeana Sounds</edm:provider>
      <dc:rights>The British Library acknowledges the intellectual property rights of those named as contributors and the rights of those not identified. Please refer to the library's legal and ethical usage page: http://sounds.bl.uk/Information/Legal-And-Ethical-Usage </dc:rights>
      <edm:rights rdf:resource="http://www.europeana.eu/rights/rr-f/"/>
   </ore:Aggregation>
</rdf:RDF>