<?xml version="1.0" encoding="UTF-8"?>
<rdf:RDF xmlns:edm="http://www.europeana.eu/schemas/edm/"
         xmlns:xalan="http://xml.apache.org/xalan"
         xmlns:foaf="http://xmlns.com/foaf/0.1/"
         xmlns:mo="http://purl.org/ontology/mo/"
         xmlns:ore="http://www.openarchives.org/ore/terms/"
         xmlns:owl="http://www.w3.org/2002/07/owl#"
         xmlns:rdaGr2="http://rdvocab.info/ElementsGr2/"
         xmlns:cld="http://purl.org/cld/terms/"
         xmlns:rdf="http://www.w3.org/1999/02/22-rdf-syntax-ns#"
         xmlns:crm="http://www.cidoc-crm.org/rdfs/cidoc_crm_v5.0.2_english_label.rdfs#"
         xmlns:rdfs="http://www.w3.org/2000/01/rdf-schema#"
         xmlns:dc="http://purl.org/dc/elements/1.1/"
         xmlns:schema="http://schema.org/"
         xmlns:dcterms="http://purl.org/dc/terms/"
         xmlns:skos="http://www.w3.org/2004/02/skos/core#"
         xmlns:ebucore="http://www.ebu.ch/metadata/ontologies/ebucore/ebucore#"
         xmlns:wgs84="http://www.w3.org/2003/01/geo/wgs84_pos#">
   <edm:ProvidedCHO rdf:about="http://mint-projects.image.ntua.gr/data/sounds/C0023X0031XX-0100">
      <dc:contributor>Bul Drum Traditional Musicians</dc:contributor>
      <dc:contributor>Busuulwa, Bulasio (ndere)</dc:contributor>
      <dc:contributor>Christopher Kizza (drums)</dc:contributor>
      <dc:contributor>Davis, Jack (double bass)</dc:contributor>
      <dc:contributor>Gibson, Olov (oboe)</dc:contributor>
      <dc:contributor>Goebels, Professor F.P. (harpsichord)</dc:contributor>
      <dc:contributor>Masaba, Rosebud (singer, female)</dc:contributor>
      <dc:contributor>Sebuwufu, Simon (xylophone)</dc:contributor>
      <dc:contributor>Prentice, Michael (recordist)</dc:contributor>
      <dc:contributor>P'Bitek, Okot, 1931-1982 (author)</dc:contributor>
      <dc:contributor>Trautger, Angfried (composer)</dc:contributor>
      <dc:coverage>Goebels, Professor F. P. (director)</dc:coverage>
      <dc:coverage> (conductor)</dc:coverage>
      <dc:coverage> (speaker)</dc:coverage>
      <dc:date>24/10/1970</dc:date>
      <dc:description>Item note: Threnody (Dirge) - Theatre play. Play composed by Okot p'Bitek, music by Angfried Trautger. Produced and directed by Professor F. P. Goebels under the auspices of the Uganda Music Society and the German Embassy. Published in 1969. It is written in the style of a traditional Acholi song. It is an Acholi wife's lament about her college-educated husband, who has rejected Acholi traditions and ideas for Western ones. Much of Lawino's anger is directed at her husband's lover who embodies these Western values and customs, and who she contrasts with herself. In Song of Ocal, her husband responds to her, decrying what he perceives as Africa's backwardness, and extoling the virtues of European society and ideas. Lawino and Ocal's debate reflects the discourse taking place at the time in African societies about the implications of adopting Western culture and ideals (http://web.uflib.ufl.edu/cm/africana/pbitek.htm). Recordist's note: In Peter Cooke's notes, this is PCUG64-8.51.A1.</dc:description>
      <dc:identifier>C0023X0031XX-0100</dc:identifier>
      <dc:language>Acholi</dc:language>
      <dc:relation>C23/31</dc:relation>
      <dc:subject>Threnody (Dirge) - Theatre play</dc:subject>
      <dc:subject>ndere</dc:subject>
      <dc:subject>drums</dc:subject>
      <dc:subject>double bass</dc:subject>
      <dc:subject>oboe</dc:subject>
      <dc:subject>harpsichord</dc:subject>
      <dc:subject>xylophone</dc:subject>
      <dc:subject rdf:resource="http://data.europeana.eu/concept/soundgenres/Music/Traditional_and_folk_music"/>
      <dc:title>The Song of Lawino</dc:title>
      <dcterms:isPartOf rdf:resource="http://sounds.bl.uk/World-and-traditional-music/Peter-Cooke-Uganda"/>
      <dcterms:isPartOf>Peter Cooke Uganda Recordings</dcterms:isPartOf>
      <dcterms:spatial>Main Hall, Uganda Technical College, Kyambogo, Kampala, Uganda</dcterms:spatial>
      <edm:type>SOUND</edm:type>
   </edm:ProvidedCHO>
   <ore:Aggregation rdf:about="http://mint-projects.image.ntua.gr/data/sounds/Aggregation_C0023X0031XX-0100">
      <edm:aggregatedCHO rdf:resource="http://mint-projects.image.ntua.gr/data/sounds/C0023X0031XX-0100"/>
      <edm:dataProvider>The British Library</edm:dataProvider>
      <edm:isShownAt rdf:resource="http://sounds.bl.uk/World-and-traditional-music/Peter-Cooke-Uganda/025M-C0023X0031XX-0100V0"/>
      <edm:object rdf:resource="http://sounds.bl.uk/waveforms/Peter-Cooke-Uganda/025A-C0023X0031XX-0100A0.png"/>
      <edm:provider>Europeana Sounds</edm:provider>
      <dc:rights>The British Library acknowledges the intellectual property rights of those named as contributors and the rights of those not identified. Please refer to the library's legal and ethical usage page: http://sounds.bl.uk/Information/Legal-And-Ethical-Usage </dc:rights>
      <edm:rights rdf:resource="http://www.europeana.eu/rights/rr-f/"/>
   </ore:Aggregation>
</rdf:RDF>