<?xml version="1.0" encoding="UTF-8"?>
<rdf:RDF xmlns:edm="http://www.europeana.eu/schemas/edm/"
         xmlns:xalan="http://xml.apache.org/xalan"
         xmlns:foaf="http://xmlns.com/foaf/0.1/"
         xmlns:mo="http://purl.org/ontology/mo/"
         xmlns:ore="http://www.openarchives.org/ore/terms/"
         xmlns:owl="http://www.w3.org/2002/07/owl#"
         xmlns:rdaGr2="http://rdvocab.info/ElementsGr2/"
         xmlns:cld="http://purl.org/cld/terms/"
         xmlns:rdf="http://www.w3.org/1999/02/22-rdf-syntax-ns#"
         xmlns:crm="http://www.cidoc-crm.org/rdfs/cidoc_crm_v5.0.2_english_label.rdfs#"
         xmlns:rdfs="http://www.w3.org/2000/01/rdf-schema#"
         xmlns:dc="http://purl.org/dc/elements/1.1/"
         xmlns:schema="http://schema.org/"
         xmlns:dcterms="http://purl.org/dc/terms/"
         xmlns:skos="http://www.w3.org/2004/02/skos/core#"
         xmlns:ebucore="http://www.ebu.ch/metadata/ontologies/ebucore/ebucore#"
         xmlns:wgs84="http://www.w3.org/2003/01/geo/wgs84_pos#">
   <edm:ProvidedCHO rdf:about="http://mint-projects.image.ntua.gr/data/sounds/C0023X0009XX-3700">
      <dc:contributor>(Soga Budongo)</dc:contributor>
      <dc:contributor>(Soga Embaire)</dc:contributor>
      <dc:contributor>Mr. Kizza (endongo)</dc:contributor>
      <dc:contributor>Mr. Kizza (fiddle)</dc:contributor>
      <dc:contributor>Muyinda, Evaristo 1916-1993 (endongo)</dc:contributor>
      <dc:contributor>Unidentified (fiddle)</dc:contributor>
      <dc:contributor>Unidentified (flute)</dc:contributor>
      <dc:contributor>Unidentified (nanga)</dc:contributor>
      <dc:contributor>Unidentified (panpipes)</dc:contributor>
      <dc:contributor>Cooke, Peter (recordist)</dc:contributor>
      <dc:contributor> (author)</dc:contributor>
      <dc:contributor> (composer)</dc:contributor>
      <dc:coverage> (director)</dc:coverage>
      <dc:coverage> (conductor)</dc:coverage>
      <dc:coverage> (speaker)</dc:coverage>
      <dc:date>6/1/1967</dc:date>
      <dc:description>Item note: Tuning of: a. Soga Embaire xylophone; b. Soga Budongo lamellophone; c. Acholi Nanga zither; d. Ganda endongo lyre; e. fiddle played by Mr. Kizza; f. other fiddle; g. panpipes; h. flute [not very willing]. Performer's note: Both are Ganda. Other performers are Soga, Ganda and Acholi members and so this is slightly different melodically and in the drumming from a typical performance by pure Ganda musicians; there is some flutter tonguing in the flute part. Recording note: Recorded during a visit to the National Theatre to record the National Ensemble of the "Heartbeat of Africa" troupe. Recordist's note: In Peter Cooke's notes, this is on TAPE PC 16, TRACK A, item no. 5.</dc:description>
      <dc:identifier>C0023X0009XX-3700</dc:identifier>
      <dc:relation>C23/9</dc:relation>
      <dc:subject>Soga Budongo</dc:subject>
      <dc:subject>Soga Embaire</dc:subject>
      <dc:subject>endongo</dc:subject>
      <dc:subject>fiddle</dc:subject>
      <dc:subject>endongo</dc:subject>
      <dc:subject>fiddle</dc:subject>
      <dc:subject>flute</dc:subject>
      <dc:subject>nanga</dc:subject>
      <dc:subject>panpipes</dc:subject>
      <dc:subject rdf:resource="http://data.europeana.eu/concept/soundgenres/Music/Traditional_and_folk_music"/>
      <dc:title>Tuning of different instruments</dc:title>
      <dcterms:isPartOf rdf:resource="http://sounds.bl.uk/World-and-traditional-music/Peter-Cooke-Uganda"/>
      <dcterms:isPartOf>Peter Cooke Uganda Recordings</dcterms:isPartOf>
      <dcterms:spatial>National Theatre, Kampala, Uganda</dcterms:spatial>
      <edm:type>SOUND</edm:type>
   </edm:ProvidedCHO>
   <ore:Aggregation rdf:about="http://mint-projects.image.ntua.gr/data/sounds/Aggregation_C0023X0009XX-3700">
      <edm:aggregatedCHO rdf:resource="http://mint-projects.image.ntua.gr/data/sounds/C0023X0009XX-3700"/>
      <edm:dataProvider>The British Library</edm:dataProvider>
      <edm:isShownAt rdf:resource="http://sounds.bl.uk/World-and-traditional-music/Peter-Cooke-Uganda/025M-C0023X0009XX-3700V0"/>
      <edm:object rdf:resource="http://sounds.bl.uk/waveforms/Peter-Cooke-Uganda/025A-C0023X0009XX-3700A0.png"/>
      <edm:provider>Europeana Sounds</edm:provider>
      <dc:rights>The British Library acknowledges the intellectual property rights of those named as contributors and the rights of those not identified. Please refer to the library's legal and ethical usage page: http://sounds.bl.uk/Information/Legal-And-Ethical-Usage </dc:rights>
      <edm:rights rdf:resource="http://www.europeana.eu/rights/rr-f/"/>
   </ore:Aggregation>
</rdf:RDF>