<?xml version="1.0" encoding="UTF-8"?>
<rdf:RDF xmlns:edm="http://www.europeana.eu/schemas/edm/"
         xmlns:xalan="http://xml.apache.org/xalan"
         xmlns:foaf="http://xmlns.com/foaf/0.1/"
         xmlns:mo="http://purl.org/ontology/mo/"
         xmlns:ore="http://www.openarchives.org/ore/terms/"
         xmlns:owl="http://www.w3.org/2002/07/owl#"
         xmlns:rdaGr2="http://rdvocab.info/ElementsGr2/"
         xmlns:cld="http://purl.org/cld/terms/"
         xmlns:rdf="http://www.w3.org/1999/02/22-rdf-syntax-ns#"
         xmlns:crm="http://www.cidoc-crm.org/rdfs/cidoc_crm_v5.0.2_english_label.rdfs#"
         xmlns:rdfs="http://www.w3.org/2000/01/rdf-schema#"
         xmlns:dc="http://purl.org/dc/elements/1.1/"
         xmlns:schema="http://schema.org/"
         xmlns:dcterms="http://purl.org/dc/terms/"
         xmlns:skos="http://www.w3.org/2004/02/skos/core#"
         xmlns:ebucore="http://www.ebu.ch/metadata/ontologies/ebucore/ebucore#"
         xmlns:wgs84="http://www.w3.org/2003/01/geo/wgs84_pos#">
   <edm:ProvidedCHO rdf:about="http://mint-projects.image.ntua.gr/data/sounds/C0023X0060XX-0100">
      <dc:contributor>Cooke, Peter (recordist)</dc:contributor>
      <dc:contributor> (author)</dc:contributor>
      <dc:contributor> (composer)</dc:contributor>
      <dc:coverage> (director)</dc:coverage>
      <dc:coverage> (conductor)</dc:coverage>
      <dc:coverage>Cooke, Peter (male); Ssekitooleko, John (male); Ssempeke, Albert (male) (speaker)</dc:coverage>
      <dc:date>26/02/1993</dc:date>
      <dc:description>Item note: Information on text of palace songs. Information on ebisoko (variants) ["akawologoma" and "Ekyuma"]. Discussion is a mixture of English and Luganda. Discussion of meaning of text of Ssempeke's earlier performance of song "Akawologma". Begins with discussion of enkejje fish and best way to cook it (grilled). This particular theme is what Ssempeke calls an 'ekisoko' - a variant (but related) theme. Ebisoko (pl) are invented by good singers to explore parallel themes from the original one which gave birth to the song. Then moves to discussion of his wife. Fieldworker is attempting to clarify the text previously translated by Baganda informants in Edinburgh. Such performances often flit backwards and forwards between themes (included in this text are utterances to the dancers also). At 44' discussion has moved on to the song "Ekyuma" and whether or not it was inspired by the first round-about to come to Kampala, or the first cotton gin machine (reference to decorated animals may clinch the argument in favour of a fairground round-about, though cast iron machines often incorporated ornamentation). One ekisoko is about finding poppy seeds at the home of a man who had visited the round-about and who had been accused of smoking bang. At 1hr 04' Ssempeke listens to his recorded performance on headphones for 30 sec. His helper explains that many of these references may not be known to the listeners at the time of singing but they think about lines and make research of the deeper meaning ot such texts. Most traditional songs have more than the surface meaning which intelligent listeners will try to explore and think about. Some Makerere students come to Ssempeke to explore such texts with Ssempeke. Performer's note: Museum staff colleague. Recording note: Some echo and sounds from other visitors to the Museum in the background, 4 hrs in total; Long play recording. Recordist's note: In Peter Cooke's notes, this is PCUG93.1.1  (pgm 01-05).</dc:description>
      <dc:identifier>C0023X0060XX-0100</dc:identifier>
      <dc:language>Ganda</dc:language>
      <dc:relation>C23/60</dc:relation>
      <dc:subject rdf:resource="http://data.europeana.eu/concept/soundgenres/Music/Traditional_and_folk_music"/>
      <dc:title>Uganda Museum Discussion, part 1 of 4: Akawologoma</dc:title>
      <dcterms:isPartOf rdf:resource="http://sounds.bl.uk/World-and-traditional-music/Peter-Cooke-Uganda"/>
      <dcterms:isPartOf>Peter Cooke Uganda Recordings</dcterms:isPartOf>
      <dcterms:spatial>Entry hall, Uganda Museum, Kampala, Uganda</dcterms:spatial>
      <edm:type>SOUND</edm:type>
   </edm:ProvidedCHO>
   <ore:Aggregation rdf:about="http://mint-projects.image.ntua.gr/data/sounds/Aggregation_C0023X0060XX-0100">
      <edm:aggregatedCHO rdf:resource="http://mint-projects.image.ntua.gr/data/sounds/C0023X0060XX-0100"/>
      <edm:dataProvider>The British Library</edm:dataProvider>
      <edm:isShownAt rdf:resource="http://sounds.bl.uk/World-and-traditional-music/Peter-Cooke-Uganda/025M-C0023X0060XX-0100V0"/>
      <edm:object rdf:resource="http://sounds.bl.uk/waveforms/Peter-Cooke-Uganda/025A-C0023X0060XX-0100A0.png"/>
      <edm:provider>Europeana Sounds</edm:provider>
      <dc:rights>The British Library acknowledges the intellectual property rights of those named as contributors and the rights of those not identified. Please refer to the library's legal and ethical usage page: http://sounds.bl.uk/Information/Legal-And-Ethical-Usage </dc:rights>
      <edm:rights rdf:resource="http://www.europeana.eu/rights/rr-f/"/>
   </ore:Aggregation>
</rdf:RDF>