<?xml version="1.0" encoding="UTF-8"?>
<rdf:RDF xmlns:edm="http://www.europeana.eu/schemas/edm/"
         xmlns:xalan="http://xml.apache.org/xalan"
         xmlns:foaf="http://xmlns.com/foaf/0.1/"
         xmlns:mo="http://purl.org/ontology/mo/"
         xmlns:ore="http://www.openarchives.org/ore/terms/"
         xmlns:owl="http://www.w3.org/2002/07/owl#"
         xmlns:rdaGr2="http://rdvocab.info/ElementsGr2/"
         xmlns:cld="http://purl.org/cld/terms/"
         xmlns:rdf="http://www.w3.org/1999/02/22-rdf-syntax-ns#"
         xmlns:crm="http://www.cidoc-crm.org/rdfs/cidoc_crm_v5.0.2_english_label.rdfs#"
         xmlns:rdfs="http://www.w3.org/2000/01/rdf-schema#"
         xmlns:dc="http://purl.org/dc/elements/1.1/"
         xmlns:schema="http://schema.org/"
         xmlns:dcterms="http://purl.org/dc/terms/"
         xmlns:skos="http://www.w3.org/2004/02/skos/core#"
         xmlns:ebucore="http://www.ebu.ch/metadata/ontologies/ebucore/ebucore#"
         xmlns:wgs84="http://www.w3.org/2003/01/geo/wgs84_pos#">
   <edm:ProvidedCHO rdf:about="http://mint-projects.image.ntua.gr/data/sounds/C0023X0032XX-0900">
      <dc:contributor>Ssempeke, Albert (ndingidi)</dc:contributor>
      <dc:contributor>Unidentified (dancers)</dc:contributor>
      <dc:contributor>Unidentified (drums)</dc:contributor>
      <dc:contributor>Unidentified (madinda)</dc:contributor>
      <dc:contributor>Cooke, Peter (recordist)</dc:contributor>
      <dc:contributor> (author)</dc:contributor>
      <dc:contributor> (composer)</dc:contributor>
      <dc:coverage> (director)</dc:coverage>
      <dc:coverage> (conductor)</dc:coverage>
      <dc:coverage> (speaker)</dc:coverage>
      <dc:date>12/9/1987</dc:date>
      <dc:description>Item note: Embaga (wedding dance). This was Cooke's first return visit to Uganda since 1968.  Many of the informants were old friends who had survived 19 years of political turmoil and war.  Conditions in southern Uganda were bad - the infrastructure of the country was in ruins  and manufactured goods were in desperately short supply.  Northern Uganda  was still at war with the new President of Uganda,  Museveni; The 1987 visit was made possible through the generosity of the Carnegie Trust for the Universities of Scotland and the Travel and Research Committee of the University of Edinburgh. Performance note: Played under covered compound area in midst of gatherings of  relatives, friends and spectators; Musicians had arrived very late after playing for the Ssabataka celebratians and then driving some 40 miles in a pick-up truck to Bukoloota arriving around 9 pm. Loud cheers. Hot drumming; Voice slightly distant; Has counting  by audience at 1'15"; Ends of sections at 1'25" 3'02" 4'47" 5'50" etc up to 18'48". Recording note: Better sound mix and clearer words than at end of previous tape. Recordist's note: In Peter Cooke's notes, this isPCUG87.3.1-3.3.</dc:description>
      <dc:identifier>C0023X0032XX-0900</dc:identifier>
      <dc:language>Ganda</dc:language>
      <dc:relation>C23/32</dc:relation>
      <dc:subject>Embaga (wedding dance)</dc:subject>
      <dc:subject>ndingidi</dc:subject>
      <dc:subject>drums</dc:subject>
      <dc:subject>madinda</dc:subject>
      <dc:subject rdf:resource="http://data.europeana.eu/concept/soundgenres/Music/Traditional_and_folk_music"/>
      <dc:title>Two wedding dances / Omwana wakitange</dc:title>
      <dcterms:isPartOf rdf:resource="http://sounds.bl.uk/World-and-traditional-music/Peter-Cooke-Uganda"/>
      <dcterms:isPartOf>Peter Cooke Uganda Recordings</dcterms:isPartOf>
      <dcterms:spatial>outside Bridegroom's house, Bukoloota village, Bugerere, Uganda</dcterms:spatial>
      <edm:type>SOUND</edm:type>
   </edm:ProvidedCHO>
   <ore:Aggregation rdf:about="http://mint-projects.image.ntua.gr/data/sounds/Aggregation_C0023X0032XX-0900">
      <edm:aggregatedCHO rdf:resource="http://mint-projects.image.ntua.gr/data/sounds/C0023X0032XX-0900"/>
      <edm:dataProvider>The British Library</edm:dataProvider>
      <edm:isShownAt rdf:resource="http://sounds.bl.uk/World-and-traditional-music/Peter-Cooke-Uganda/025M-C0023X0032XX-0900V0"/>
      <edm:object rdf:resource="http://sounds.bl.uk/waveforms/Peter-Cooke-Uganda/025A-C0023X0032XX-0900A0.png"/>
      <edm:provider>Europeana Sounds</edm:provider>
      <dc:rights>The British Library acknowledges the intellectual property rights of those named as contributors and the rights of those not identified. Please refer to the library's legal and ethical usage page: http://sounds.bl.uk/Information/Legal-And-Ethical-Usage </dc:rights>
      <edm:rights rdf:resource="http://www.europeana.eu/rights/rr-f/"/>
   </ore:Aggregation>
</rdf:RDF>