<?xml version="1.0" encoding="UTF-8"?>
<rdf:RDF xmlns:edm="http://www.europeana.eu/schemas/edm/"
         xmlns:xalan="http://xml.apache.org/xalan"
         xmlns:foaf="http://xmlns.com/foaf/0.1/"
         xmlns:mo="http://purl.org/ontology/mo/"
         xmlns:ore="http://www.openarchives.org/ore/terms/"
         xmlns:owl="http://www.w3.org/2002/07/owl#"
         xmlns:rdaGr2="http://rdvocab.info/ElementsGr2/"
         xmlns:cld="http://purl.org/cld/terms/"
         xmlns:rdf="http://www.w3.org/1999/02/22-rdf-syntax-ns#"
         xmlns:crm="http://www.cidoc-crm.org/rdfs/cidoc_crm_v5.0.2_english_label.rdfs#"
         xmlns:rdfs="http://www.w3.org/2000/01/rdf-schema#"
         xmlns:dc="http://purl.org/dc/elements/1.1/"
         xmlns:schema="http://schema.org/"
         xmlns:dcterms="http://purl.org/dc/terms/"
         xmlns:skos="http://www.w3.org/2004/02/skos/core#"
         xmlns:ebucore="http://www.ebu.ch/metadata/ontologies/ebucore/ebucore#"
         xmlns:wgs84="http://www.w3.org/2003/01/geo/wgs84_pos#">
   <edm:ProvidedCHO rdf:about="http://mint-projects.image.ntua.gr/data/sounds/C0023X0036XX-1500">
      <dc:contributor>Magyeza, Mr. A. (singer, male)</dc:contributor>
      <dc:contributor>Mr. Rutashyongera (singer, male)</dc:contributor>
      <dc:contributor>Unidentified (endingiri)</dc:contributor>
      <dc:contributor>Unidentified (flute)</dc:contributor>
      <dc:contributor>Unidentified (singers, dancers, male)</dc:contributor>
      <dc:contributor>Cooke, Peter (recordist)</dc:contributor>
      <dc:contributor> (author)</dc:contributor>
      <dc:contributor> (composer)</dc:contributor>
      <dc:coverage> (director)</dc:coverage>
      <dc:coverage> (conductor)</dc:coverage>
      <dc:coverage> (speaker)</dc:coverage>
      <dc:date>24/09/1987</dc:date>
      <dc:description>Item note: Traditional ekitaaguriro men's dance followed by traditional akagoma dansi song. This was Cooke's first return visit to Uganda since 1968.  Many of the informants were old friends who had survived 19 years of political turmoil and war.  Conditions in southern Uganda were bad - the infrastructure of the country was in ruins  and manufactured goods were in desperately short supply.  Northern Uganda  was still at war with the new President of Uganda,  Museveni; The 1987 visit was made possible through the generosity of the Carnegie Trust for the Universities of Scotland and the Travel and Research Committee of the University of Edinburgh. Performance note: With song and fluting; several songs are combined into one here, possibly with Mr. Rutashyongera providing an extra solo part.With flute and endingiri. Performer's note: Magyeza, Mr. A. (leader) followed by Mr. Rutashyongera (leader). Recording note: Tape runs out before end. Recordist's note: In Peter Cooke's notes, this is PCUG87.18.6.</dc:description>
      <dc:identifier>C0023X0036XX-1500</dc:identifier>
      <dc:language>Nyankore</dc:language>
      <dc:relation>C23/36</dc:relation>
      <dc:subject>traditional ekitaaguriro men's dance</dc:subject>
      <dc:subject>endingiri</dc:subject>
      <dc:subject>flute</dc:subject>
      <dc:subject rdf:resource="http://data.europeana.eu/concept/soundgenres/Music/Traditional_and_folk_music"/>
      <dc:title>Men's dance / Enkombe ya Rwanda</dc:title>
      <dcterms:isPartOf rdf:resource="http://sounds.bl.uk/World-and-traditional-music/Peter-Cooke-Uganda"/>
      <dcterms:isPartOf>Peter Cooke Uganda Recordings</dcterms:isPartOf>
      <dcterms:spatial>Musilit Centre, Kitabi Parish, Western Nkore, Uganda</dcterms:spatial>
      <edm:type>SOUND</edm:type>
   </edm:ProvidedCHO>
   <ore:Aggregation rdf:about="http://mint-projects.image.ntua.gr/data/sounds/Aggregation_C0023X0036XX-1500">
      <edm:aggregatedCHO rdf:resource="http://mint-projects.image.ntua.gr/data/sounds/C0023X0036XX-1500"/>
      <edm:dataProvider>The British Library</edm:dataProvider>
      <edm:isShownAt rdf:resource="http://sounds.bl.uk/World-and-traditional-music/Peter-Cooke-Uganda/025M-C0023X0036XX-1500V0"/>
      <edm:object rdf:resource="http://sounds.bl.uk/waveforms/Peter-Cooke-Uganda/025A-C0023X0036XX-1500A0.png"/>
      <edm:provider>Europeana Sounds</edm:provider>
      <dc:rights>The British Library acknowledges the intellectual property rights of those named as contributors and the rights of those not identified. Please refer to the library's legal and ethical usage page: http://sounds.bl.uk/Information/Legal-And-Ethical-Usage </dc:rights>
      <edm:rights rdf:resource="http://www.europeana.eu/rights/rr-f/"/>
   </ore:Aggregation>
</rdf:RDF>