<?xml version="1.0" encoding="UTF-8"?>
<rdf:RDF xmlns:edm="http://www.europeana.eu/schemas/edm/"
         xmlns:xalan="http://xml.apache.org/xalan"
         xmlns:foaf="http://xmlns.com/foaf/0.1/"
         xmlns:mo="http://purl.org/ontology/mo/"
         xmlns:ore="http://www.openarchives.org/ore/terms/"
         xmlns:owl="http://www.w3.org/2002/07/owl#"
         xmlns:rdaGr2="http://rdvocab.info/ElementsGr2/"
         xmlns:cld="http://purl.org/cld/terms/"
         xmlns:rdf="http://www.w3.org/1999/02/22-rdf-syntax-ns#"
         xmlns:crm="http://www.cidoc-crm.org/rdfs/cidoc_crm_v5.0.2_english_label.rdfs#"
         xmlns:rdfs="http://www.w3.org/2000/01/rdf-schema#"
         xmlns:dc="http://purl.org/dc/elements/1.1/"
         xmlns:schema="http://schema.org/"
         xmlns:dcterms="http://purl.org/dc/terms/"
         xmlns:skos="http://www.w3.org/2004/02/skos/core#"
         xmlns:ebucore="http://www.ebu.ch/metadata/ontologies/ebucore/ebucore#"
         xmlns:wgs84="http://www.w3.org/2003/01/geo/wgs84_pos#">
   <edm:ProvidedCHO rdf:about="http://mint-projects.image.ntua.gr/data/sounds/C0023X0017XX-1000">
      <dc:contributor>Obo, Daniel (large wood kongo)</dc:contributor>
      <dc:contributor>Ochong, Sebastien (singer, male, small kongo)</dc:contributor>
      <dc:contributor>Odongo, Donatio (rattle)</dc:contributor>
      <dc:contributor>Ofumu, Wilson (2nd medium aluminium kongo)</dc:contributor>
      <dc:contributor>Okecho, Vincancio (teke percussion beam)</dc:contributor>
      <dc:contributor>Olowa, John (medium aluminium kongo)</dc:contributor>
      <dc:contributor>Cooke, Peter ; Members of John Blacking's African music course (recordist)</dc:contributor>
      <dc:contributor> (author)</dc:contributor>
      <dc:contributor> (composer)</dc:contributor>
      <dc:coverage> (director)</dc:coverage>
      <dc:coverage> (conductor)</dc:coverage>
      <dc:coverage> (speaker)</dc:coverage>
      <dc:date>4/11/1965</dc:date>
      <dc:description>Item note: Nkongo beer music. Performance note: Played for beer clubs and weddings and own pleasure in afternoons.  Bass nkongo player sometimes beat a rhythm on the base of his instrument. Instrument called kongo (singular), nkongo (plural).  Players sat in tight circle on ground. Teke player held beaters with arms under splayed and bent legs (squatted on the ground on buttocks, knees apart with bent legs and his arms went outside his thighs, in under his knees and he beat on the trough, which was placed between his feet, with two beaters). Performer's note: All of Jopdendo clan. Recording note: Roving mic. technique; began with first named and moved around clockwise. Recorded at 3 3/4 ips. Recordist's note: In Peter Cooke's notes, this is PCUG64-8.23.B2 [announced as 21].</dc:description>
      <dc:identifier>C0023X0017XX-1000</dc:identifier>
      <dc:language>Adhola</dc:language>
      <dc:relation>C23/17</dc:relation>
      <dc:subject>Nkongo beer music</dc:subject>
      <dc:subject>large wood kongo</dc:subject>
      <dc:subject>small kongo</dc:subject>
      <dc:subject>rattle</dc:subject>
      <dc:subject>medium aluminium kongo</dc:subject>
      <dc:subject>teke percussion beam</dc:subject>
      <dc:subject>medium aluminium kongo</dc:subject>
      <dc:subject rdf:resource="http://data.europeana.eu/concept/soundgenres/Music/Traditional_and_folk_music"/>
      <dc:title>Ngeta kigen omin = the one who does not trust his brother</dc:title>
      <dcterms:isPartOf rdf:resource="http://sounds.bl.uk/World-and-traditional-music/Peter-Cooke-Uganda"/>
      <dcterms:isPartOf>Peter Cooke Uganda Recordings</dcterms:isPartOf>
      <dcterms:spatial>Nabyogo Primary School, Adhola county near Nagongera, Uganda</dcterms:spatial>
      <edm:type>SOUND</edm:type>
   </edm:ProvidedCHO>
   <ore:Aggregation rdf:about="http://mint-projects.image.ntua.gr/data/sounds/Aggregation_C0023X0017XX-1000">
      <edm:aggregatedCHO rdf:resource="http://mint-projects.image.ntua.gr/data/sounds/C0023X0017XX-1000"/>
      <edm:dataProvider>The British Library</edm:dataProvider>
      <edm:isShownAt rdf:resource="http://sounds.bl.uk/World-and-traditional-music/Peter-Cooke-Uganda/025M-C0023X0017XX-1000V0"/>
      <edm:object rdf:resource="http://sounds.bl.uk/waveforms/Peter-Cooke-Uganda/025A-C0023X0017XX-1000A0.png"/>
      <edm:provider>Europeana Sounds</edm:provider>
      <dc:rights>The British Library acknowledges the intellectual property rights of those named as contributors and the rights of those not identified. Please refer to the library's legal and ethical usage page: http://sounds.bl.uk/Information/Legal-And-Ethical-Usage </dc:rights>
      <edm:rights rdf:resource="http://www.europeana.eu/rights/rr-f/"/>
   </ore:Aggregation>
</rdf:RDF>