<?xml version="1.0" encoding="UTF-8"?>
<rdf:RDF xmlns:edm="http://www.europeana.eu/schemas/edm/"
         xmlns:xalan="http://xml.apache.org/xalan"
         xmlns:foaf="http://xmlns.com/foaf/0.1/"
         xmlns:mo="http://purl.org/ontology/mo/"
         xmlns:ore="http://www.openarchives.org/ore/terms/"
         xmlns:owl="http://www.w3.org/2002/07/owl#"
         xmlns:rdaGr2="http://rdvocab.info/ElementsGr2/"
         xmlns:cld="http://purl.org/cld/terms/"
         xmlns:rdf="http://www.w3.org/1999/02/22-rdf-syntax-ns#"
         xmlns:crm="http://www.cidoc-crm.org/rdfs/cidoc_crm_v5.0.2_english_label.rdfs#"
         xmlns:rdfs="http://www.w3.org/2000/01/rdf-schema#"
         xmlns:dc="http://purl.org/dc/elements/1.1/"
         xmlns:schema="http://schema.org/"
         xmlns:dcterms="http://purl.org/dc/terms/"
         xmlns:skos="http://www.w3.org/2004/02/skos/core#"
         xmlns:ebucore="http://www.ebu.ch/metadata/ontologies/ebucore/ebucore#"
         xmlns:wgs84="http://www.w3.org/2003/01/geo/wgs84_pos#">
   <edm:ProvidedCHO rdf:about="http://mint-projects.image.ntua.gr/data/sounds/C0023X0051XX-0600">
      <dc:contributor>Biansi Mata's group</dc:contributor>
      <dc:contributor>Mata, Biansi (singer, male)</dc:contributor>
      <dc:contributor>Cooke, Peter (recordist)</dc:contributor>
      <dc:contributor> (author)</dc:contributor>
      <dc:contributor>Mata, Biansi (composer)</dc:contributor>
      <dc:coverage> (director)</dc:coverage>
      <dc:coverage> (conductor)</dc:coverage>
      <dc:coverage> (speaker)</dc:coverage>
      <dc:date>11/9/1990</dc:date>
      <dc:description>Item note: Beer party song. Repeat of previous song so that camera close-ups for cutting can be taken. Composed by Mata. The musicians had got their wives to provide a pot of millet beer so that they could refresh themselves in traditional manner. A communal beer pot is used with long straws (about 6ft. long)  running out to each drinker. For detailed biography of this blind musician see the video interview (in Lusoga language - to be translated) on tape UG90.8.3. Performance note: Preceeded by two claps and a false start. Cut short when filming is finished. Some of the musicians drank as they played. Performer's note: Semi-professional beer party musicians. Group consists of Biansi Mata (blind leader and treble lamellaphone), Cipriano Siko (bass lamellaphone), James Cyandya (mulere flute), Dowson Musoga (large ndindgidi fiddle), Erisa Kasada (smaller ndingidi). Recording note: This was recorded at a special session in a.m. for video purposes. Other mic used to feed video camera which filmed this item. Recorded with Stellavox and Sennheiser omni microphones, 7/12ips mono. Recordist's note: In Peter Cooke's notes, this is PCUG90.7.2.</dc:description>
      <dc:identifier>C0023X0051XX-0600</dc:identifier>
      <dc:language>Soga</dc:language>
      <dc:relation>C23/51</dc:relation>
      <dc:subject>Beer party song</dc:subject>
      <dc:subject rdf:resource="http://data.europeana.eu/concept/soundgenres/Music/Traditional_and_folk_music"/>
      <dc:title>Atyamisa</dc:title>
      <dcterms:isPartOf rdf:resource="http://sounds.bl.uk/World-and-traditional-music/Peter-Cooke-Uganda"/>
      <dcterms:isPartOf>Peter Cooke Uganda Recordings</dcterms:isPartOf>
      <dcterms:spatial>Iganga township, Busoga, eastern Uganda</dcterms:spatial>
      <edm:type>SOUND</edm:type>
   </edm:ProvidedCHO>
   <ore:Aggregation rdf:about="http://mint-projects.image.ntua.gr/data/sounds/Aggregation_C0023X0051XX-0600">
      <edm:aggregatedCHO rdf:resource="http://mint-projects.image.ntua.gr/data/sounds/C0023X0051XX-0600"/>
      <edm:dataProvider>The British Library</edm:dataProvider>
      <edm:isShownAt rdf:resource="http://sounds.bl.uk/World-and-traditional-music/Peter-Cooke-Uganda/025M-C0023X0051XX-0600V0"/>
      <edm:object rdf:resource="http://sounds.bl.uk/waveforms/Peter-Cooke-Uganda/025A-C0023X0051XX-0600A0.png"/>
      <edm:provider>Europeana Sounds</edm:provider>
      <dc:rights>The British Library acknowledges the intellectual property rights of those named as contributors and the rights of those not identified. Please refer to the library's legal and ethical usage page: http://sounds.bl.uk/Information/Legal-And-Ethical-Usage </dc:rights>
      <edm:rights rdf:resource="http://www.europeana.eu/rights/rr-f/"/>
   </ore:Aggregation>
</rdf:RDF>