<?xml version="1.0" encoding="UTF-8"?>
<rdf:RDF xmlns:edm="http://www.europeana.eu/schemas/edm/"
         xmlns:xalan="http://xml.apache.org/xalan"
         xmlns:foaf="http://xmlns.com/foaf/0.1/"
         xmlns:mo="http://purl.org/ontology/mo/"
         xmlns:ore="http://www.openarchives.org/ore/terms/"
         xmlns:owl="http://www.w3.org/2002/07/owl#"
         xmlns:rdaGr2="http://rdvocab.info/ElementsGr2/"
         xmlns:cld="http://purl.org/cld/terms/"
         xmlns:rdf="http://www.w3.org/1999/02/22-rdf-syntax-ns#"
         xmlns:crm="http://www.cidoc-crm.org/rdfs/cidoc_crm_v5.0.2_english_label.rdfs#"
         xmlns:rdfs="http://www.w3.org/2000/01/rdf-schema#"
         xmlns:dc="http://purl.org/dc/elements/1.1/"
         xmlns:schema="http://schema.org/"
         xmlns:dcterms="http://purl.org/dc/terms/"
         xmlns:skos="http://www.w3.org/2004/02/skos/core#"
         xmlns:ebucore="http://www.ebu.ch/metadata/ontologies/ebucore/ebucore#"
         xmlns:wgs84="http://www.w3.org/2003/01/geo/wgs84_pos#">
   <edm:ProvidedCHO rdf:about="http://mint-projects.image.ntua.gr/data/sounds/C0023X0059XX-0500">
      <dc:contributor>Cooke, Andrew (amadinda)</dc:contributor>
      <dc:contributor>Ssempeke, Albert (amadinda)</dc:contributor>
      <dc:contributor>Cooke, Peter (recordist)</dc:contributor>
      <dc:contributor> (author)</dc:contributor>
      <dc:contributor> (composer)</dc:contributor>
      <dc:coverage> (director)</dc:coverage>
      <dc:coverage> (conductor)</dc:coverage>
      <dc:coverage> (speaker)</dc:coverage>
      <dc:date>5/2/1992</dc:date>
      <dc:description>Item note: National anthems mixed with Kiganda drumming. Performance note: Crowd noises continue as tape is left running. Then second announcement mentioning imminent arrival of the Ssbataka and the order of events. Ssempeke is announced that he will play amadinda with Andrew Mukasa Cooke (applause). Very distant recording (recordist some 20 yards from xylophone) whose sounds are broadcast on PA and prematurely ended when Ssabataka's car is seen arriving at the gates of the ground. Drumming taken up again because Ssabataka arrives. Then interrupted by National Anthem of Uganda, then anthem of Buganda, then National anthem of UK, Broadcast on PA with stadium singing and cheering. Punctuated by drumming at end as Ssabataka  salutes and prepares to walk into the VIP enclosure. Kiganda drumming and rattles accompany UK anthem. Much ululation competing with PA. Large crowd including dancers surround the Prince, including his traditional personal bodyguard dressed with barkcloth. Ssempeke joins drummers with his flute. Bugle player also heard (c.1hr 14'). Another Luganda announcement (almost drowned in drumming and crowd noises). PA microphones pick up (and distort) drumming sounds. Drumming stops and recorded choral and orchestral UK anthem (last part of it is repeated), Ssempeke still fluting. Recording of choir singing a hymn to tune of Dives and Lazarus on PA at 1h 22'. Xylophone also enters simultaneously for a while. Royal and Clan emibala patterns also to be heard (c 1hr 24'). Hymn 'All creatures of our God and King' then broadcast but then abruptly interrupted and dancing drums begin again as dancers perform for Prince. Drumming becomes very hot (c 1hr 30'). Amadinda xylophone also to heard in distance. Ends at 1hr 33' 07". Then solitary horn blown while xylophone continues in distance. PC then takes mics. over to the xylophone. (Andrew Cooke and Ssempeke playing "Agenda N'Omulungi"). Crowd noises continue as footballers have begun their match. Performer's note: Master of Ceremonies. Local drum and dance group. Recording note: Stereo digital recordings were made using a Sony DAT Walkman machine on cassettes mostly of two hours duration with Sennheiser omnidirectional microphones. Recordist's note: In Peter Cooke's notes, this is PCUG92.9.10; 9.11; 9.12.</dc:description>
      <dc:identifier>C0023X0059XX-0500</dc:identifier>
      <dc:language>Ganda</dc:language>
      <dc:relation>C23/59</dc:relation>
      <dc:subject>amadinda</dc:subject>
      <dc:subject>amadinda</dc:subject>
      <dc:subject rdf:resource="http://data.europeana.eu/concept/soundgenres/Music/Traditional_and_folk_music"/>
      <dc:title>Brief Announcements on PA in Luganda / Amadinda songs / Arrival music for the Ssabataka</dc:title>
      <dcterms:isPartOf rdf:resource="http://sounds.bl.uk/World-and-traditional-music/Peter-Cooke-Uganda"/>
      <dcterms:isPartOf>Peter Cooke Uganda Recordings</dcterms:isPartOf>
      <dcterms:spatial>Nakivubo Football Stadium, Kampala, Uganda</dcterms:spatial>
      <edm:type>SOUND</edm:type>
   </edm:ProvidedCHO>
   <ore:Aggregation rdf:about="http://mint-projects.image.ntua.gr/data/sounds/Aggregation_C0023X0059XX-0500">
      <edm:aggregatedCHO rdf:resource="http://mint-projects.image.ntua.gr/data/sounds/C0023X0059XX-0500"/>
      <edm:dataProvider>The British Library</edm:dataProvider>
      <edm:isShownAt rdf:resource="http://sounds.bl.uk/World-and-traditional-music/Peter-Cooke-Uganda/025M-C0023X0059XX-0500V0"/>
      <edm:object rdf:resource="http://sounds.bl.uk/waveforms/Peter-Cooke-Uganda/025A-C0023X0059XX-0500A0.png"/>
      <edm:provider>Europeana Sounds</edm:provider>
      <dc:rights>The British Library acknowledges the intellectual property rights of those named as contributors and the rights of those not identified. Please refer to the library's legal and ethical usage page: http://sounds.bl.uk/Information/Legal-And-Ethical-Usage </dc:rights>
      <edm:rights rdf:resource="http://www.europeana.eu/rights/rr-f/"/>
   </ore:Aggregation>
</rdf:RDF>