<?xml version="1.0" encoding="UTF-8"?>
<rdf:RDF xmlns:edm="http://www.europeana.eu/schemas/edm/"
         xmlns:xalan="http://xml.apache.org/xalan"
         xmlns:foaf="http://xmlns.com/foaf/0.1/"
         xmlns:mo="http://purl.org/ontology/mo/"
         xmlns:ore="http://www.openarchives.org/ore/terms/"
         xmlns:owl="http://www.w3.org/2002/07/owl#"
         xmlns:rdaGr2="http://rdvocab.info/ElementsGr2/"
         xmlns:cld="http://purl.org/cld/terms/"
         xmlns:rdf="http://www.w3.org/1999/02/22-rdf-syntax-ns#"
         xmlns:crm="http://www.cidoc-crm.org/rdfs/cidoc_crm_v5.0.2_english_label.rdfs#"
         xmlns:rdfs="http://www.w3.org/2000/01/rdf-schema#"
         xmlns:dc="http://purl.org/dc/elements/1.1/"
         xmlns:schema="http://schema.org/"
         xmlns:dcterms="http://purl.org/dc/terms/"
         xmlns:skos="http://www.w3.org/2004/02/skos/core#"
         xmlns:ebucore="http://www.ebu.ch/metadata/ontologies/ebucore/ebucore#"
         xmlns:wgs84="http://www.w3.org/2003/01/geo/wgs84_pos#">
   <edm:ProvidedCHO rdf:about="http://mint-projects.image.ntua.gr/data/sounds/C0023X0011XX-0500">
      <dc:contributor>Unidentified (large Uganda drum)</dc:contributor>
      <dc:contributor>Unidentified (medium drum)</dc:contributor>
      <dc:contributor>Unidentified (ngalabi)</dc:contributor>
      <dc:contributor>Unidentified (smaller drum)</dc:contributor>
      <dc:contributor>Cooke, Peter (recordist)</dc:contributor>
      <dc:contributor> (author)</dc:contributor>
      <dc:contributor> (composer)</dc:contributor>
      <dc:coverage> (director)</dc:coverage>
      <dc:coverage> (conductor)</dc:coverage>
      <dc:coverage> (speaker)</dc:coverage>
      <dc:date>11/7/1965</dc:date>
      <dc:description>Item note: Izungwe drumming. Fragment only of start. Part of the entertainment to welcome Edward Nadiope, Kyabazinga of Busoga back from his visit to Europe. Crowded enclosure with a good deal of noise from those eating and others watching and chatting; Special ceremonial drumming performed only on important occasions. Performance note: This recording features one large Uganda drum (with short heavy beaters), three smaller drums (long curved sticks); one medium drum (with sticks?), one long drum (ngalabi - hand-beaten). Performer's note: Members of the Muwaya clan at Nawongo. Recording note: Recorded during the lunch hour in front of the Kyabazinga's dining table. Recorded at 3 3/4 ips on BASF tape type LGS 35 (900ft on 5" spool). Recordist's note: In Peter Cooke's notes, this is PCUG64-8.1.A5.</dc:description>
      <dc:identifier>C0023X0011XX-0500</dc:identifier>
      <dc:language>Soga</dc:language>
      <dc:relation>C23/11</dc:relation>
      <dc:subject>Izungwe drumming (tattoo)</dc:subject>
      <dc:subject>large Uganda drum</dc:subject>
      <dc:subject>medium drum</dc:subject>
      <dc:subject>ngalabi</dc:subject>
      <dc:subject>smaller drum</dc:subject>
      <dc:subject rdf:resource="http://data.europeana.eu/concept/soundgenres/Music/Traditional_and_folk_music"/>
      <dc:title>Soga Drumming</dc:title>
      <dcterms:isPartOf rdf:resource="http://sounds.bl.uk/World-and-traditional-music/Peter-Cooke-Uganda"/>
      <dcterms:isPartOf>Peter Cooke Uganda Recordings</dcterms:isPartOf>
      <dcterms:spatial>Home of Kyabazinga (constitutional head) of Busoga, Bugembe, near Jinja, Busoga, Uganda</dcterms:spatial>
      <edm:type>SOUND</edm:type>
   </edm:ProvidedCHO>
   <ore:Aggregation rdf:about="http://mint-projects.image.ntua.gr/data/sounds/Aggregation_C0023X0011XX-0500">
      <edm:aggregatedCHO rdf:resource="http://mint-projects.image.ntua.gr/data/sounds/C0023X0011XX-0500"/>
      <edm:dataProvider>The British Library</edm:dataProvider>
      <edm:isShownAt rdf:resource="http://sounds.bl.uk/World-and-traditional-music/Peter-Cooke-Uganda/025M-C0023X0011XX-0500V0"/>
      <edm:object rdf:resource="http://sounds.bl.uk/waveforms/Peter-Cooke-Uganda/025A-C0023X0011XX-0500A0.png"/>
      <edm:provider>Europeana Sounds</edm:provider>
      <dc:rights>The British Library acknowledges the intellectual property rights of those named as contributors and the rights of those not identified. Please refer to the library's legal and ethical usage page: http://sounds.bl.uk/Information/Legal-And-Ethical-Usage </dc:rights>
      <edm:rights rdf:resource="http://www.europeana.eu/rights/rr-f/"/>
   </ore:Aggregation>
</rdf:RDF>