<?xml version="1.0" encoding="UTF-8"?>
<rdf:RDF xmlns:edm="http://www.europeana.eu/schemas/edm/"
         xmlns:xalan="http://xml.apache.org/xalan"
         xmlns:foaf="http://xmlns.com/foaf/0.1/"
         xmlns:mo="http://purl.org/ontology/mo/"
         xmlns:ore="http://www.openarchives.org/ore/terms/"
         xmlns:owl="http://www.w3.org/2002/07/owl#"
         xmlns:rdaGr2="http://rdvocab.info/ElementsGr2/"
         xmlns:cld="http://purl.org/cld/terms/"
         xmlns:rdf="http://www.w3.org/1999/02/22-rdf-syntax-ns#"
         xmlns:crm="http://www.cidoc-crm.org/rdfs/cidoc_crm_v5.0.2_english_label.rdfs#"
         xmlns:rdfs="http://www.w3.org/2000/01/rdf-schema#"
         xmlns:dc="http://purl.org/dc/elements/1.1/"
         xmlns:schema="http://schema.org/"
         xmlns:dcterms="http://purl.org/dc/terms/"
         xmlns:skos="http://www.w3.org/2004/02/skos/core#"
         xmlns:ebucore="http://www.ebu.ch/metadata/ontologies/ebucore/ebucore#"
         xmlns:wgs84="http://www.w3.org/2003/01/geo/wgs84_pos#">
   <edm:ProvidedCHO rdf:about="http://mint-projects.image.ntua.gr/data/sounds/C0023X0048XX-1100">
      <dc:contributor>Ssempeke, Albert (amadinda)</dc:contributor>
      <dc:contributor>Cooke, Peter (recordist)</dc:contributor>
      <dc:contributor> (author)</dc:contributor>
      <dc:contributor> (composer)</dc:contributor>
      <dc:coverage> (director)</dc:coverage>
      <dc:coverage> (conductor)</dc:coverage>
      <dc:coverage> (speaker)</dc:coverage>
      <dc:date>1988</dc:date>
      <dc:description>Item note: Ganda historical song. This is the master recording of a song which was later released on the cassette "Ssempeke!" by Grampian Records issue number KAC 1003. Cassette note runs: This is one of the most popular historical songs of the Ganda people with texts that moralize on the vanity of earthly riches, on mortality and on trust in the providence of God. Two legendary warriors Ssematimba and Kikwabanga, who though wealthy had often been criticized for their miserliness, vowed to kill their fattest goats for a feast when they returned from their next campaign. They never came back, for they were speared to death on the battlefield. Some of the more common texts run as follows: Those who keep goats, keep them in vain, Remember Ssematimba and Kikwabanga. We were many, now I am alone. See Ssematimba and Kikwabanga. Young chicks grow up among the dry banana leaves, God cares for them. He who comes late will find me stretched out (dead) in the best room. Ah!  Ssematimba etc. Ssempeke's performance here features the amadinda xylophone (which requires at least two men to play two interlocking parts) accompanied by his singing and playing on four drums in the well known Ganda baakisimba dance rhythm. The xylophone, like all other melody instruments of the Ganda is tuned to a pentatonic scale comprising more or less equal steps of large tones. Performance note: With amadinda xylophone, singing and playing on four drums in the well known Ganda baakisimba dance rhythm. Performer's note: Albert Ssempeke and students. Recordist's note: In Peter Cooke's notes, this is PCUG88.29.1.</dc:description>
      <dc:identifier>C0023X0048XX-1100</dc:identifier>
      <dc:language>Ganda</dc:language>
      <dc:relation>C23/48</dc:relation>
      <dc:subject>Ganda historical song</dc:subject>
      <dc:subject>amadinda</dc:subject>
      <dc:subject rdf:resource="http://data.europeana.eu/concept/soundgenres/Music/Traditional_and_folk_music"/>
      <dc:title>SSematimba ne Kikwabanga with xylophone and drums</dc:title>
      <dcterms:isPartOf rdf:resource="http://sounds.bl.uk/World-and-traditional-music/Peter-Cooke-Uganda"/>
      <dcterms:isPartOf>Peter Cooke Uganda Recordings</dcterms:isPartOf>
      <dcterms:spatial>Faculty of Music, University of Edinburgh, Edinburgh, Scotland, UK</dcterms:spatial>
      <edm:type>SOUND</edm:type>
   </edm:ProvidedCHO>
   <ore:Aggregation rdf:about="http://mint-projects.image.ntua.gr/data/sounds/Aggregation_C0023X0048XX-1100">
      <edm:aggregatedCHO rdf:resource="http://mint-projects.image.ntua.gr/data/sounds/C0023X0048XX-1100"/>
      <edm:dataProvider>The British Library</edm:dataProvider>
      <edm:isShownAt rdf:resource="http://sounds.bl.uk/World-and-traditional-music/Peter-Cooke-Uganda/025M-C0023X0048XX-1100V0"/>
      <edm:object rdf:resource="http://sounds.bl.uk/waveforms/Peter-Cooke-Uganda/025A-C0023X0048XX-1100A0.png"/>
      <edm:provider>Europeana Sounds</edm:provider>
      <dc:rights>The British Library acknowledges the intellectual property rights of those named as contributors and the rights of those not identified. Please refer to the library's legal and ethical usage page: http://sounds.bl.uk/Information/Legal-And-Ethical-Usage </dc:rights>
      <edm:rights rdf:resource="http://www.europeana.eu/rights/rr-f/"/>
   </ore:Aggregation>
</rdf:RDF>