<?xml version="1.0" encoding="UTF-8"?>
<rdf:RDF xmlns:edm="http://www.europeana.eu/schemas/edm/"
         xmlns:xalan="http://xml.apache.org/xalan"
         xmlns:foaf="http://xmlns.com/foaf/0.1/"
         xmlns:mo="http://purl.org/ontology/mo/"
         xmlns:ore="http://www.openarchives.org/ore/terms/"
         xmlns:owl="http://www.w3.org/2002/07/owl#"
         xmlns:rdaGr2="http://rdvocab.info/ElementsGr2/"
         xmlns:cld="http://purl.org/cld/terms/"
         xmlns:rdf="http://www.w3.org/1999/02/22-rdf-syntax-ns#"
         xmlns:crm="http://www.cidoc-crm.org/rdfs/cidoc_crm_v5.0.2_english_label.rdfs#"
         xmlns:rdfs="http://www.w3.org/2000/01/rdf-schema#"
         xmlns:dc="http://purl.org/dc/elements/1.1/"
         xmlns:schema="http://schema.org/"
         xmlns:dcterms="http://purl.org/dc/terms/"
         xmlns:skos="http://www.w3.org/2004/02/skos/core#"
         xmlns:ebucore="http://www.ebu.ch/metadata/ontologies/ebucore/ebucore#"
         xmlns:wgs84="http://www.w3.org/2003/01/geo/wgs84_pos#">
   <edm:ProvidedCHO rdf:about="http://mint-projects.image.ntua.gr/data/sounds/C0023X0003XX-5000">
      <dc:contributor>Namwiremi (singer, male, Muzezza)</dc:contributor>
      <dc:contributor>Wati, Antonio (singer, male, Mukassi)</dc:contributor>
      <dc:contributor>Cooke, Peter (recordist)</dc:contributor>
      <dc:contributor> (author)</dc:contributor>
      <dc:contributor> (composer)</dc:contributor>
      <dc:coverage> (director)</dc:coverage>
      <dc:coverage> (conductor)</dc:coverage>
      <dc:coverage> (speaker)</dc:coverage>
      <dc:date>1/1/1966</dc:date>
      <dc:description>Performance note: This recording features two Khimileli notched bamboo flutes with two stops each. Note hocketing techniques and mixture of playing and singing. Both parts played separately afterwards. The older man (Namwiremi) knows both parts. Performer's note: Namwiremi is son of Wakulua of the Bwagogo clan and he plays the Muzezza [male flute] and sings. Antonio Wati, brother of Namwiremi, plays the Mukassi [female flute]. Recording note: Recorded during a visit to Khumulele: wedding flute players, Bwagogo, Manjiya County, Bugishu. Recordist's note: In Peter Cooke's notes, this is on TAPE PC 5 TRACK B item No. 20.</dc:description>
      <dc:identifier>C0023X0003XX-5000</dc:identifier>
      <dc:language>Masaba</dc:language>
      <dc:relation>C23/3</dc:relation>
      <dc:subject>Muzezza</dc:subject>
      <dc:subject>Mukassi</dc:subject>
      <dc:subject rdf:resource="http://data.europeana.eu/concept/soundgenres/Music/Traditional_and_folk_music"/>
      <dc:title>Mayiwe</dc:title>
      <dcterms:isPartOf rdf:resource="http://sounds.bl.uk/World-and-traditional-music/Peter-Cooke-Uganda"/>
      <dcterms:isPartOf>Peter Cooke Uganda Recordings</dcterms:isPartOf>
      <dcterms:spatial>Bwagogo, Manjiya county, Bugisu, Uganda</dcterms:spatial>
      <edm:type>SOUND</edm:type>
   </edm:ProvidedCHO>
   <ore:Aggregation rdf:about="http://mint-projects.image.ntua.gr/data/sounds/Aggregation_C0023X0003XX-5000">
      <edm:aggregatedCHO rdf:resource="http://mint-projects.image.ntua.gr/data/sounds/C0023X0003XX-5000"/>
      <edm:dataProvider>The British Library</edm:dataProvider>
      <edm:isShownAt rdf:resource="http://sounds.bl.uk/World-and-traditional-music/Peter-Cooke-Uganda/025M-C0023X0003XX-5000V0"/>
      <edm:object rdf:resource="http://sounds.bl.uk/waveforms/Peter-Cooke-Uganda/025A-C0023X0003XX-5000A0.png"/>
      <edm:provider>Europeana Sounds</edm:provider>
      <dc:rights>The British Library acknowledges the intellectual property rights of those named as contributors and the rights of those not identified. Please refer to the library's legal and ethical usage page: http://sounds.bl.uk/Information/Legal-And-Ethical-Usage </dc:rights>
      <edm:rights rdf:resource="http://www.europeana.eu/rights/rr-f/"/>
   </ore:Aggregation>
</rdf:RDF>