<?xml version="1.0" encoding="UTF-8"?>
<rdf:RDF xmlns:edm="http://www.europeana.eu/schemas/edm/"
         xmlns:xalan="http://xml.apache.org/xalan"
         xmlns:foaf="http://xmlns.com/foaf/0.1/"
         xmlns:mo="http://purl.org/ontology/mo/"
         xmlns:ore="http://www.openarchives.org/ore/terms/"
         xmlns:owl="http://www.w3.org/2002/07/owl#"
         xmlns:rdaGr2="http://rdvocab.info/ElementsGr2/"
         xmlns:cld="http://purl.org/cld/terms/"
         xmlns:rdf="http://www.w3.org/1999/02/22-rdf-syntax-ns#"
         xmlns:crm="http://www.cidoc-crm.org/rdfs/cidoc_crm_v5.0.2_english_label.rdfs#"
         xmlns:rdfs="http://www.w3.org/2000/01/rdf-schema#"
         xmlns:dc="http://purl.org/dc/elements/1.1/"
         xmlns:schema="http://schema.org/"
         xmlns:dcterms="http://purl.org/dc/terms/"
         xmlns:skos="http://www.w3.org/2004/02/skos/core#"
         xmlns:ebucore="http://www.ebu.ch/metadata/ontologies/ebucore/ebucore#"
         xmlns:wgs84="http://www.w3.org/2003/01/geo/wgs84_pos#">
   <edm:ProvidedCHO rdf:about="http://mint-projects.image.ntua.gr/data/sounds/C0023X0014XX-1400">
      <dc:contributor>Lukwangole 'Kabaka Yekka' Band</dc:contributor>
      <dc:contributor>Ogenga, Galdino (singer, male, lukembe)</dc:contributor>
      <dc:contributor>Unidentified (lukembe)</dc:contributor>
      <dc:contributor>Cooke, Peter (recordist)</dc:contributor>
      <dc:contributor> (author)</dc:contributor>
      <dc:contributor>Ocea, Jobo (composer)</dc:contributor>
      <dc:coverage> (director)</dc:coverage>
      <dc:coverage> (conductor)</dc:coverage>
      <dc:coverage> (speaker)</dc:coverage>
      <dc:date>1968-01-04 to 1968-01-06</dc:date>
      <dc:description>Item note: Tunings taken of the different instruments. Flat refers to the lower level of keys, raised refers to upper level. This song is said to be the composition of Jobo Ocea in 1967; sometimes accompanied with an Ajaa (gourd rattle); Girls only used to dance to it, now there is often mixed dancing (an effect of European influences. Often the instruments are amplified with a saucepan; originally a walking instrument, now used for dance; competitions held between playing groups usually during the dry season; 8 songs are the minimum; layout of pitches from L to R are often 1,3,6,9,10,7,6,4,2,5; The lukeme is believed to have come from Madi (West Nile) originally. Myel tum - a popular Lango dance is now also played in Acholi with likeme. Performance note: This recording features 12 likeme (lamellaphones); Instruments called Lukembe in west Acholi, lukeme in E. (likeme plural); largest: Mine, medium - Ladwong, smallest - Litino. Performer's note: Played by 12 boys; they chose the name of the Band as a joke - nobody in Acholi would be a suppporter of the Buganda-based Kabaka Yekka party. The group has been meeting for practice for 6 years. Galdino Ogenga is 9 years old. Recording note: Recorded at 3 3/4 ips. Recordist's note: In Peter Cooke's notes, this is PCUG64-8.19.B1b.</dc:description>
      <dc:identifier>C0023X0014XX-1400</dc:identifier>
      <dc:language>Acholi</dc:language>
      <dc:relation>C23/14</dc:relation>
      <dc:subject>lukembe</dc:subject>
      <dc:subject rdf:resource="http://data.europeana.eu/concept/soundgenres/Music/Traditional_and_folk_music"/>
      <dc:title>Kule kule = small women</dc:title>
      <dcterms:isPartOf rdf:resource="http://sounds.bl.uk/World-and-traditional-music/Peter-Cooke-Uganda"/>
      <dcterms:isPartOf>Peter Cooke Uganda Recordings</dcterms:isPartOf>
      <dcterms:spatial>Lukwangole homestead, Patongo village, East Acholi, Uganda</dcterms:spatial>
      <edm:type>SOUND</edm:type>
   </edm:ProvidedCHO>
   <ore:Aggregation rdf:about="http://mint-projects.image.ntua.gr/data/sounds/Aggregation_C0023X0014XX-1400">
      <edm:aggregatedCHO rdf:resource="http://mint-projects.image.ntua.gr/data/sounds/C0023X0014XX-1400"/>
      <edm:dataProvider>The British Library</edm:dataProvider>
      <edm:isShownAt rdf:resource="http://sounds.bl.uk/World-and-traditional-music/Peter-Cooke-Uganda/025M-C0023X0014XX-1400V0"/>
      <edm:object rdf:resource="http://sounds.bl.uk/waveforms/Peter-Cooke-Uganda/025A-C0023X0014XX-1400A0.png"/>
      <edm:provider>Europeana Sounds</edm:provider>
      <dc:rights>The British Library acknowledges the intellectual property rights of those named as contributors and the rights of those not identified. Please refer to the library's legal and ethical usage page: http://sounds.bl.uk/Information/Legal-And-Ethical-Usage </dc:rights>
      <edm:rights rdf:resource="http://www.europeana.eu/rights/rr-f/"/>
   </ore:Aggregation>
</rdf:RDF>