<?xml version="1.0" encoding="UTF-8"?>
<rdf:RDF xmlns:edm="http://www.europeana.eu/schemas/edm/"
         xmlns:xalan="http://xml.apache.org/xalan"
         xmlns:foaf="http://xmlns.com/foaf/0.1/"
         xmlns:mo="http://purl.org/ontology/mo/"
         xmlns:ore="http://www.openarchives.org/ore/terms/"
         xmlns:owl="http://www.w3.org/2002/07/owl#"
         xmlns:rdaGr2="http://rdvocab.info/ElementsGr2/"
         xmlns:cld="http://purl.org/cld/terms/"
         xmlns:rdf="http://www.w3.org/1999/02/22-rdf-syntax-ns#"
         xmlns:crm="http://www.cidoc-crm.org/rdfs/cidoc_crm_v5.0.2_english_label.rdfs#"
         xmlns:rdfs="http://www.w3.org/2000/01/rdf-schema#"
         xmlns:dc="http://purl.org/dc/elements/1.1/"
         xmlns:schema="http://schema.org/"
         xmlns:dcterms="http://purl.org/dc/terms/"
         xmlns:skos="http://www.w3.org/2004/02/skos/core#"
         xmlns:ebucore="http://www.ebu.ch/metadata/ontologies/ebucore/ebucore#"
         xmlns:wgs84="http://www.w3.org/2003/01/geo/wgs84_pos#">
   <edm:ProvidedCHO rdf:about="http://mint-projects.image.ntua.gr/data/sounds/C0023X0027XX-1500">
      <dc:contributor>Unidentified (imbuutu)</dc:contributor>
      <dc:contributor>Unidentified (large drum)</dc:contributor>
      <dc:contributor>Unidentified (mulere)</dc:contributor>
      <dc:contributor>Unidentified (zindonyi)</dc:contributor>
      <dc:contributor>Cooke, Peter (recordist)</dc:contributor>
      <dc:contributor> (author)</dc:contributor>
      <dc:contributor> (composer)</dc:contributor>
      <dc:coverage> (director)</dc:coverage>
      <dc:coverage> (conductor)</dc:coverage>
      <dc:coverage> (speaker)</dc:coverage>
      <dc:date>30/06/1968</dc:date>
      <dc:description>Item note: Zingoma ze palu (Circumcision song / dance). Words encourage the boys to be firm. "Woomeme wogana musalle" - there is no joking friend, "Nimukyinamajeko baayaya" - brothers and sisters - dance. This music is played when the circumscision initates go on their travels around the local villages receiving gifts and encouragement before the ceremony for several days so that they are totally exhausted when the time for the cutting comes. Performance note: With one large drum and Zindonyi (small drums) and two Imbuutu (medium drums) one mulere (European type whistle flute); No bells on legs of these initiates; can be up to seven small drums (beaten with thin 12" sticks); Large drum beaten with heavy stick in left hand while RH makes muting actions; Imbuutu is played with hands; Can be up to three imbuutu drums. Performer's note: Members of the Banabahaala clan from Bulambuli Muluka. Recording note: Accumulator ran down so some speed variation at the end.  Recordist's note: In Peter Cooke's notes, this is PCUG64-8.37.A3.</dc:description>
      <dc:identifier>C0023X0027XX-1500</dc:identifier>
      <dc:language>Masaba</dc:language>
      <dc:relation>C23/27</dc:relation>
      <dc:subject>Zingoma ze palu (Circumcision song / dance)</dc:subject>
      <dc:subject>imbuutu</dc:subject>
      <dc:subject>large drum</dc:subject>
      <dc:subject>mulere</dc:subject>
      <dc:subject>zindonyi</dc:subject>
      <dc:subject rdf:resource="http://data.europeana.eu/concept/soundgenres/Music/Traditional_and_folk_music"/>
      <dc:title>Yaya numala musalle (musaale?) (Brother, I hope you will complete the circumcision)</dc:title>
      <dcterms:isPartOf rdf:resource="http://sounds.bl.uk/World-and-traditional-music/Peter-Cooke-Uganda"/>
      <dcterms:isPartOf>Peter Cooke Uganda Recordings</dcterms:isPartOf>
      <dcterms:spatial>Outside home of Mr James Kajeke, Bumusi (Bulambuli muluka), Buyobo Gomolola, Bugisu District, Uganda</dcterms:spatial>
      <edm:type>SOUND</edm:type>
   </edm:ProvidedCHO>
   <ore:Aggregation rdf:about="http://mint-projects.image.ntua.gr/data/sounds/Aggregation_C0023X0027XX-1500">
      <edm:aggregatedCHO rdf:resource="http://mint-projects.image.ntua.gr/data/sounds/C0023X0027XX-1500"/>
      <edm:dataProvider>The British Library</edm:dataProvider>
      <edm:isShownAt rdf:resource="http://sounds.bl.uk/World-and-traditional-music/Peter-Cooke-Uganda/025M-C0023X0027XX-1500V0"/>
      <edm:object rdf:resource="http://sounds.bl.uk/waveforms/Peter-Cooke-Uganda/025A-C0023X0027XX-1500A0.png"/>
      <edm:provider>Europeana Sounds</edm:provider>
      <dc:rights>The British Library acknowledges the intellectual property rights of those named as contributors and the rights of those not identified. Please refer to the library's legal and ethical usage page: http://sounds.bl.uk/Information/Legal-And-Ethical-Usage </dc:rights>
      <edm:rights rdf:resource="http://www.europeana.eu/rights/rr-f/"/>
   </ore:Aggregation>
</rdf:RDF>