<?xml version="1.0" encoding="UTF-8"?>
<rdf:RDF xmlns:edm="http://www.europeana.eu/schemas/edm/"
         xmlns:xalan="http://xml.apache.org/xalan"
         xmlns:foaf="http://xmlns.com/foaf/0.1/"
         xmlns:mo="http://purl.org/ontology/mo/"
         xmlns:ore="http://www.openarchives.org/ore/terms/"
         xmlns:owl="http://www.w3.org/2002/07/owl#"
         xmlns:rdaGr2="http://rdvocab.info/ElementsGr2/"
         xmlns:cld="http://purl.org/cld/terms/"
         xmlns:rdf="http://www.w3.org/1999/02/22-rdf-syntax-ns#"
         xmlns:crm="http://www.cidoc-crm.org/rdfs/cidoc_crm_v5.0.2_english_label.rdfs#"
         xmlns:rdfs="http://www.w3.org/2000/01/rdf-schema#"
         xmlns:dc="http://purl.org/dc/elements/1.1/"
         xmlns:schema="http://schema.org/"
         xmlns:dcterms="http://purl.org/dc/terms/"
         xmlns:skos="http://www.w3.org/2004/02/skos/core#"
         xmlns:ebucore="http://www.ebu.ch/metadata/ontologies/ebucore/ebucore#"
         xmlns:wgs84="http://www.w3.org/2003/01/geo/wgs84_pos#">
   <edm:ProvidedCHO rdf:about="http://mint-projects.image.ntua.gr/data/sounds/C0023X0058XX-0100">
      <dc:contributor>Ssebuwufu, Simeo (akadinda)</dc:contributor>
      <dc:contributor>Cooke, Peter (recordist)</dc:contributor>
      <dc:contributor> (author)</dc:contributor>
      <dc:contributor> (composer)</dc:contributor>
      <dc:coverage> (director)</dc:coverage>
      <dc:coverage> (conductor)</dc:coverage>
      <dc:coverage> (speaker)</dc:coverage>
      <dc:date>5/2/1992</dc:date>
      <dc:description>Item note: (1) Ganga. Part 16, Ssebuwufu demonstrates the omukonezi part and sings a fragment. Some discussion of where parts enter. Also discussion of difference between naming of parts between amadinda and entenga. Practice follows. [For omwawuzi, omunazi and omukoonezi parts, see notes in Peter Cooke file, Sound Archive office]. (2) Ssekanyolya. Part 17, Revision of this tune with Peter Cooke practising entering. Then order of entries is discussed. Upper omunazi, lower omunazi, omwawuzi then omukonezi. (3) Olugambo olubuulire. Part 18, Revision of this song. (4) Agawuluguma enyanja. Part 19, More revision with ssebuwufu playing the top part and later singing a few phrases. (5) Entenga tune. Part 20, Remembers these parts but forgets the name. Some time spent teaching the omukonezi part. Long discussion of what PC thinks is a missing note 2 (the second one) in the omukonezi part. Ssebuwufu eventually decides it is correct to include it. (6) Entenga tune. Part 21, Remembers these parts but forgets the name. Some time spent teaching the omukonezi part. Long discussion of what PC thinks is a missing note 2 (the second one) in the omukonezi part. Ssebuwufu eventually decides it is correct to include it. Recording note: Stereo digital recordings were made using a Sony DAT Walkman machine on cassettes mostly of two hours duration with Sennheiser omnidirectional microphones. Recordist's note: In Peter Cooke's notes, this is PCUG92.8.1; 8.2; 8.3; 8.4 (pgm 05); 8.5 (pgm 08-16).</dc:description>
      <dc:identifier>C0023X0058XX-0100</dc:identifier>
      <dc:language>Ganda</dc:language>
      <dc:relation>C23/58</dc:relation>
      <dc:subject>Entenga lesson</dc:subject>
      <dc:subject>akadinda</dc:subject>
      <dc:subject rdf:resource="http://data.europeana.eu/concept/soundgenres/Music/Traditional_and_folk_music"/>
      <dc:title>Lesson in entenga (drum-chime) playing using the akadinda, part 3 of 3</dc:title>
      <dcterms:isPartOf rdf:resource="http://sounds.bl.uk/World-and-traditional-music/Peter-Cooke-Uganda"/>
      <dcterms:isPartOf>Peter Cooke Uganda Recordings</dcterms:isPartOf>
      <dcterms:spatial>Music department, Institute of Teacher Education Kyambogo, Kampala, Uganda</dcterms:spatial>
      <edm:type>SOUND</edm:type>
   </edm:ProvidedCHO>
   <ore:Aggregation rdf:about="http://mint-projects.image.ntua.gr/data/sounds/Aggregation_C0023X0058XX-0100">
      <edm:aggregatedCHO rdf:resource="http://mint-projects.image.ntua.gr/data/sounds/C0023X0058XX-0100"/>
      <edm:dataProvider>The British Library</edm:dataProvider>
      <edm:isShownAt rdf:resource="http://sounds.bl.uk/World-and-traditional-music/Peter-Cooke-Uganda/025M-C0023X0058XX-0100V0"/>
      <edm:object rdf:resource="http://sounds.bl.uk/waveforms/Peter-Cooke-Uganda/025A-C0023X0058XX-0100A0.png"/>
      <edm:provider>Europeana Sounds</edm:provider>
      <dc:rights>The British Library acknowledges the intellectual property rights of those named as contributors and the rights of those not identified. Please refer to the library's legal and ethical usage page: http://sounds.bl.uk/Information/Legal-And-Ethical-Usage </dc:rights>
      <edm:rights rdf:resource="http://www.europeana.eu/rights/rr-f/"/>
   </ore:Aggregation>
</rdf:RDF>