<?xml version="1.0" encoding="UTF-8"?>
<rdf:RDF xmlns:edm="http://www.europeana.eu/schemas/edm/"
         xmlns:xalan="http://xml.apache.org/xalan"
         xmlns:foaf="http://xmlns.com/foaf/0.1/"
         xmlns:mo="http://purl.org/ontology/mo/"
         xmlns:ore="http://www.openarchives.org/ore/terms/"
         xmlns:owl="http://www.w3.org/2002/07/owl#"
         xmlns:rdaGr2="http://rdvocab.info/ElementsGr2/"
         xmlns:cld="http://purl.org/cld/terms/"
         xmlns:rdf="http://www.w3.org/1999/02/22-rdf-syntax-ns#"
         xmlns:crm="http://www.cidoc-crm.org/rdfs/cidoc_crm_v5.0.2_english_label.rdfs#"
         xmlns:rdfs="http://www.w3.org/2000/01/rdf-schema#"
         xmlns:dc="http://purl.org/dc/elements/1.1/"
         xmlns:schema="http://schema.org/"
         xmlns:dcterms="http://purl.org/dc/terms/"
         xmlns:skos="http://www.w3.org/2004/02/skos/core#"
         xmlns:ebucore="http://www.ebu.ch/metadata/ontologies/ebucore/ebucore#"
         xmlns:wgs84="http://www.w3.org/2003/01/geo/wgs84_pos#">
   <edm:ProvidedCHO rdf:about="http://mint-projects.image.ntua.gr/data/sounds/C0023X0023XX-0700">
      <dc:contributor>Bairamwabo, Dominiko (eshaku)</dc:contributor>
      <dc:contributor>Nshakarwanze, Josefu (ebihumuruzo)</dc:contributor>
      <dc:contributor>Nyangizi (ebihumuruzo)</dc:contributor>
      <dc:contributor>Rwamahungu, Simoni (enyahuro)</dc:contributor>
      <dc:contributor>Sebuherere, Paskari (enyahurro)</dc:contributor>
      <dc:contributor>Cooke, Peter (recordist)</dc:contributor>
      <dc:contributor> (author)</dc:contributor>
      <dc:contributor> (composer)</dc:contributor>
      <dc:coverage> (director)</dc:coverage>
      <dc:coverage> (conductor)</dc:coverage>
      <dc:coverage> (speaker)</dc:coverage>
      <dc:date>24/04/1968</dc:date>
      <dc:description>Item note: Nekizino dance song. Bufumbira is one of the old volcanic peaks right on the border where mountain gorillas still exist and Bufumbira county is the area on the Ugandan slopes of the mountain. The flutes were given a drink of beer before being played. Performance note: With five Iseengo flutes and handclaps accompanying dancing. These musicians perform duty known as Obuseengu. Leader sings and plays Eshaku. Performer's note: Paskari Sebuherere (chairman playing enyahurro); All of Abasigi sub clan, of the Abasindi clan. The abaseengo playing the iseengo flutes were formerly musicians to the local king who was son of one of the Rwandan kings sent to rule over this area. Dancers included Mikairi Teneraho, Donoziu Sebajunga (omwivuzi) and Farasisiko Hitimana (kuoma mumashi). Chief of the muluka (village) is Mr John Wilson Shonyananna. Recordist's note: In Peter Cooke's notes, this is PC30.A7 [announced as item 1 after Festival].</dc:description>
      <dc:identifier>C0023X0023XX-0700</dc:identifier>
      <dc:language>Rwanda</dc:language>
      <dc:relation>C23/23</dc:relation>
      <dc:subject>Nekizino dance song</dc:subject>
      <dc:subject>eshaku</dc:subject>
      <dc:subject>ebihumuruzo</dc:subject>
      <dc:subject>enyahuro</dc:subject>
      <dc:subject>enyahurro</dc:subject>
      <dc:subject rdf:resource="http://data.europeana.eu/concept/soundgenres/Music/Traditional_and_folk_music"/>
      <dc:title>Omudiho</dc:title>
      <dcterms:isPartOf rdf:resource="http://sounds.bl.uk/World-and-traditional-music/Peter-Cooke-Uganda"/>
      <dcterms:isPartOf>Peter Cooke Uganda Recordings</dcterms:isPartOf>
      <dcterms:spatial>within a few miles of the Congo and Rwandan borders, Karambi Village, Gomb, Busanga, Bufumbira, Kigezi, Uganda</dcterms:spatial>
      <edm:type>SOUND</edm:type>
   </edm:ProvidedCHO>
   <ore:Aggregation rdf:about="http://mint-projects.image.ntua.gr/data/sounds/Aggregation_C0023X0023XX-0700">
      <edm:aggregatedCHO rdf:resource="http://mint-projects.image.ntua.gr/data/sounds/C0023X0023XX-0700"/>
      <edm:dataProvider>The British Library</edm:dataProvider>
      <edm:isShownAt rdf:resource="http://sounds.bl.uk/World-and-traditional-music/Peter-Cooke-Uganda/025M-C0023X0023XX-0700V0"/>
      <edm:object rdf:resource="http://sounds.bl.uk/waveforms/Peter-Cooke-Uganda/025A-C0023X0023XX-0700A0.png"/>
      <edm:provider>Europeana Sounds</edm:provider>
      <dc:rights>The British Library acknowledges the intellectual property rights of those named as contributors and the rights of those not identified. Please refer to the library's legal and ethical usage page: http://sounds.bl.uk/Information/Legal-And-Ethical-Usage </dc:rights>
      <edm:rights rdf:resource="http://www.europeana.eu/rights/rr-f/"/>
   </ore:Aggregation>
</rdf:RDF>