<?xml version="1.0" encoding="UTF-8"?>
<rdf:RDF xmlns:edm="http://www.europeana.eu/schemas/edm/"
         xmlns:xalan="http://xml.apache.org/xalan"
         xmlns:foaf="http://xmlns.com/foaf/0.1/"
         xmlns:mo="http://purl.org/ontology/mo/"
         xmlns:ore="http://www.openarchives.org/ore/terms/"
         xmlns:owl="http://www.w3.org/2002/07/owl#"
         xmlns:rdaGr2="http://rdvocab.info/ElementsGr2/"
         xmlns:cld="http://purl.org/cld/terms/"
         xmlns:rdf="http://www.w3.org/1999/02/22-rdf-syntax-ns#"
         xmlns:crm="http://www.cidoc-crm.org/rdfs/cidoc_crm_v5.0.2_english_label.rdfs#"
         xmlns:rdfs="http://www.w3.org/2000/01/rdf-schema#"
         xmlns:dc="http://purl.org/dc/elements/1.1/"
         xmlns:schema="http://schema.org/"
         xmlns:dcterms="http://purl.org/dc/terms/"
         xmlns:skos="http://www.w3.org/2004/02/skos/core#"
         xmlns:ebucore="http://www.ebu.ch/metadata/ontologies/ebucore/ebucore#"
         xmlns:wgs84="http://www.w3.org/2003/01/geo/wgs84_pos#">
   <edm:ProvidedCHO rdf:about="http://mint-projects.image.ntua.gr/data/sounds/C0023X0036XX-2200">
      <dc:contributor>Cooke, Peter (recordist)</dc:contributor>
      <dc:contributor> (author)</dc:contributor>
      <dc:contributor> (composer)</dc:contributor>
      <dc:coverage> (director)</dc:coverage>
      <dc:coverage> (conductor)</dc:coverage>
      <dc:coverage>Fr. Paschal (male) (speaker)</dc:coverage>
      <dc:date>24/09/1987</dc:date>
      <dc:description>Item note: Speech. Thanks to the fieldworker for coming. The work of the Church takes into its work the renewal of the whole temporal order as well as to teach the work of Christ. Such is God's design. Personal, and family values, culture, music, economic interests, trades and professions, internal and international relations all posess a value of their own. In Mbarara dicoces the Church is not solely concerned with preachiang the Gospel, but concerned with development of the whole man - hence its sponsorship of the Musilit Centre at Kitabi. Hopes fieldworker will be a contact person in Europe for the aims of the Musilit. The Diocese from its meagre resources has tried to pay salaries, provide stationery etc. but this is not enough and the church cannot provide all that is needed. eg. it can't afford a cassette recorder which it has been asked for. This was Cooke's first return visit to Uganda since 1968. Many of the informants were old friends who had survived 19 years of political turmoil and war. Conditions in southern Uganda were bad - the infrastructure of the country was in ruins and manufactured goods were in desperately short supply. Northern Uganda  was still at war with the new President of Uganda, Museveni; The 1987 visit was made possible through the generosity of the Carnegie Trust for the Universities of Scotland and the Travel and Research Committee of the University of Edinburgh. Performer's note: Fr. Paschal is Pastoral coordinator. Recordist's note: In Peter Cooke's notes, this is PCUG87.20.3.</dc:description>
      <dc:identifier>C0023X0036XX-2200</dc:identifier>
      <dc:language>Nyankore</dc:language>
      <dc:relation>C23/36</dc:relation>
      <dc:subject>Speech</dc:subject>
      <dc:subject rdf:resource="http://data.europeana.eu/concept/soundgenres/Music/Traditional_and_folk_music"/>
      <dc:title>Our dear guests....</dc:title>
      <dcterms:isPartOf rdf:resource="http://sounds.bl.uk/World-and-traditional-music/Peter-Cooke-Uganda"/>
      <dcterms:isPartOf>Peter Cooke Uganda Recordings</dcterms:isPartOf>
      <dcterms:spatial>Musilit Centre, Kitabi Parish, Western Nkore, Uganda</dcterms:spatial>
      <edm:type>SOUND</edm:type>
   </edm:ProvidedCHO>
   <ore:Aggregation rdf:about="http://mint-projects.image.ntua.gr/data/sounds/Aggregation_C0023X0036XX-2200">
      <edm:aggregatedCHO rdf:resource="http://mint-projects.image.ntua.gr/data/sounds/C0023X0036XX-2200"/>
      <edm:dataProvider>The British Library</edm:dataProvider>
      <edm:isShownAt rdf:resource="http://sounds.bl.uk/World-and-traditional-music/Peter-Cooke-Uganda/025M-C0023X0036XX-2200V0"/>
      <edm:object rdf:resource="http://sounds.bl.uk/waveforms/Peter-Cooke-Uganda/025A-C0023X0036XX-2200A0.png"/>
      <edm:provider>Europeana Sounds</edm:provider>
      <dc:rights>The British Library acknowledges the intellectual property rights of those named as contributors and the rights of those not identified. Please refer to the library's legal and ethical usage page: http://sounds.bl.uk/Information/Legal-And-Ethical-Usage </dc:rights>
      <edm:rights rdf:resource="http://www.europeana.eu/rights/rr-f/"/>
   </ore:Aggregation>
</rdf:RDF>