<?xml version="1.0" encoding="UTF-8"?>
<rdf:RDF xmlns:edm="http://www.europeana.eu/schemas/edm/"
         xmlns:xalan="http://xml.apache.org/xalan"
         xmlns:foaf="http://xmlns.com/foaf/0.1/"
         xmlns:mo="http://purl.org/ontology/mo/"
         xmlns:ore="http://www.openarchives.org/ore/terms/"
         xmlns:owl="http://www.w3.org/2002/07/owl#"
         xmlns:rdaGr2="http://rdvocab.info/ElementsGr2/"
         xmlns:cld="http://purl.org/cld/terms/"
         xmlns:rdf="http://www.w3.org/1999/02/22-rdf-syntax-ns#"
         xmlns:crm="http://www.cidoc-crm.org/rdfs/cidoc_crm_v5.0.2_english_label.rdfs#"
         xmlns:rdfs="http://www.w3.org/2000/01/rdf-schema#"
         xmlns:dc="http://purl.org/dc/elements/1.1/"
         xmlns:schema="http://schema.org/"
         xmlns:dcterms="http://purl.org/dc/terms/"
         xmlns:skos="http://www.w3.org/2004/02/skos/core#"
         xmlns:ebucore="http://www.ebu.ch/metadata/ontologies/ebucore/ebucore#"
         xmlns:wgs84="http://www.w3.org/2003/01/geo/wgs84_pos#">
   <edm:ProvidedCHO rdf:about="http://mint-projects.image.ntua.gr/data/sounds/C0023X0057XX-0100">
      <dc:contributor>Ssebuwufu, Simeo (akadinda)</dc:contributor>
      <dc:contributor>Cooke, Peter (recordist)</dc:contributor>
      <dc:contributor> (author)</dc:contributor>
      <dc:contributor> (composer)</dc:contributor>
      <dc:coverage> (director)</dc:coverage>
      <dc:coverage> (conductor)</dc:coverage>
      <dc:coverage> (speaker)</dc:coverage>
      <dc:date>5/2/1992</dc:date>
      <dc:description>Item note: (1) Veneka. Part 8, Lesson in entenga (drum-chime) playing using the akadinda: PC rehearses the Omwawuzi part before others enter. 12 noon and Ssebuwufu wants to leave. PC continues to help the student learn parts. For omwawuzi, omunazi and omukoonezi parts, see notes in Peter Cooke file, Sound Archive office. (2) Veneka. Part 9, One minute final practice. (3) Agawuluguma Enyanje. Part 10, PC asks visiting girl and Ssebuwufu to sing the associated text but both fail to sing it with the omunazi. Ssebuwufu eventually sings it while playing bits of both parts. Various bits of practicing follow as other students turn up for a lecture with PC. (4) Agawuluguma. Part 11, Continued again after the lecture. (5) Ssekanyolya owenkwekwe. Part 12. (6) Olugambo olbuulire luuta ennyumba. Part 13. (7) Gganga. Part 14. (8) Ensiriba ya munnange [?]. Part 15, Ssebuwufu cannot remember the omunazi part; Lesson breaks up with Ssebuwufu demonstrating to Andy how the entamiivu drum parts are timed to the song. End of tape. Recording note: Stereo digital recordings were made using a Sony DAT Walkman machine on cassettes mostly of two hours duration with Sennheiser omnidirectional microphones; (Noisy silence for pgm 03 and 04); attenuation on R channel for whole of this tape? Recordist's note: In Peter Cooke's notes, this is PCUG92.7.1 (pgm 01-02); 7.2  (pgm 05 10'37"); 7.3 (pgm 05-13,  starting at 11' 27"); 7.4  (pgm 13-14); 7.5; 7.6; 7.7; 7.8.</dc:description>
      <dc:identifier>C0023X0057XX-0100</dc:identifier>
      <dc:language>Ganda</dc:language>
      <dc:relation>C23/57</dc:relation>
      <dc:subject>Entenga lesson</dc:subject>
      <dc:subject>akadinda</dc:subject>
      <dc:subject rdf:resource="http://data.europeana.eu/concept/soundgenres/Music/Traditional_and_folk_music"/>
      <dc:title>Lesson in entenga (drum-chime) playing using the akadinda, part 2 of 3</dc:title>
      <dcterms:isPartOf rdf:resource="http://sounds.bl.uk/World-and-traditional-music/Peter-Cooke-Uganda"/>
      <dcterms:isPartOf>Peter Cooke Uganda Recordings</dcterms:isPartOf>
      <dcterms:spatial>Music department, Institute of Teacher Education Kyambogo, Kampala, Uganda</dcterms:spatial>
      <edm:type>SOUND</edm:type>
   </edm:ProvidedCHO>
   <ore:Aggregation rdf:about="http://mint-projects.image.ntua.gr/data/sounds/Aggregation_C0023X0057XX-0100">
      <edm:aggregatedCHO rdf:resource="http://mint-projects.image.ntua.gr/data/sounds/C0023X0057XX-0100"/>
      <edm:dataProvider>The British Library</edm:dataProvider>
      <edm:isShownAt rdf:resource="http://sounds.bl.uk/World-and-traditional-music/Peter-Cooke-Uganda/025M-C0023X0057XX-0100V0"/>
      <edm:object rdf:resource="http://sounds.bl.uk/waveforms/Peter-Cooke-Uganda/025A-C0023X0057XX-0100A0.png"/>
      <edm:provider>Europeana Sounds</edm:provider>
      <dc:rights>The British Library acknowledges the intellectual property rights of those named as contributors and the rights of those not identified. Please refer to the library's legal and ethical usage page: http://sounds.bl.uk/Information/Legal-And-Ethical-Usage </dc:rights>
      <edm:rights rdf:resource="http://www.europeana.eu/rights/rr-f/"/>
   </ore:Aggregation>
</rdf:RDF>