<?xml version="1.0" encoding="UTF-8"?>
<rdf:RDF xmlns:edm="http://www.europeana.eu/schemas/edm/"
         xmlns:xalan="http://xml.apache.org/xalan"
         xmlns:foaf="http://xmlns.com/foaf/0.1/"
         xmlns:mo="http://purl.org/ontology/mo/"
         xmlns:ore="http://www.openarchives.org/ore/terms/"
         xmlns:owl="http://www.w3.org/2002/07/owl#"
         xmlns:rdaGr2="http://rdvocab.info/ElementsGr2/"
         xmlns:cld="http://purl.org/cld/terms/"
         xmlns:rdf="http://www.w3.org/1999/02/22-rdf-syntax-ns#"
         xmlns:crm="http://www.cidoc-crm.org/rdfs/cidoc_crm_v5.0.2_english_label.rdfs#"
         xmlns:rdfs="http://www.w3.org/2000/01/rdf-schema#"
         xmlns:dc="http://purl.org/dc/elements/1.1/"
         xmlns:schema="http://schema.org/"
         xmlns:dcterms="http://purl.org/dc/terms/"
         xmlns:skos="http://www.w3.org/2004/02/skos/core#"
         xmlns:ebucore="http://www.ebu.ch/metadata/ontologies/ebucore/ebucore#"
         xmlns:wgs84="http://www.w3.org/2003/01/geo/wgs84_pos#">
   <edm:ProvidedCHO rdf:about="http://mint-projects.image.ntua.gr/data/sounds/C0023X0053XX-0300">
      <dc:contributor>Kimbwa, Abudu (entaala)</dc:contributor>
      <dc:contributor>Kyobe (entaala)</dc:contributor>
      <dc:contributor>Ssebuwufu (entaala)</dc:contributor>
      <dc:contributor>Cooke, Peter (recordist)</dc:contributor>
      <dc:contributor> (author)</dc:contributor>
      <dc:contributor> (composer)</dc:contributor>
      <dc:coverage> (director)</dc:coverage>
      <dc:coverage> (conductor)</dc:coverage>
      <dc:coverage>Cooke, Andrew (male); Cooke, Peter (male); Kikyonogo, Tom (male); Kimbwa, Abudu (male); Kyobe (male); Ssebuwufu (male) (speaker)</dc:coverage>
      <dc:date>29/01/1992</dc:date>
      <dc:description>Performance note: Accompanied by entamiivu rhythms. Playing very shaky at start. Abudu sings some of the drum parts while demonstrating visually. Andrew Cooke interrupts attend to ask how these rhythms fit in with the basic clap pulse. Abudu demonstrates again without xylophone playing for a while - then it joins in again (one part only played by Ssebuwufu to begin with (1hr 26') - but other part joins in again). Andrew Cooke then asks for lusonso (engalabi part) and Ssematimba is played again. Difficult to hear the drum part because xylophone so loud. Then enjongo part is demonstrated. Played so that all the different entamiivu parts can be illustrated in turn which Abudu does so in turn. Recording note: Stereo digital recordings were made using a Sony DAT Walkman machine on cassettes mostly of two hours duration with Sennheiser omnidirectional microphones. Recordist's note: In Peter Cooke's notes, this is PCUG92.3.3 - 3.5 (pgm 73).</dc:description>
      <dc:identifier>C0023X0053XX-0300</dc:identifier>
      <dc:language>Ganda</dc:language>
      <dc:relation>C23/53</dc:relation>
      <dc:subject>entaala (xylophone) performance</dc:subject>
      <dc:subject>entaala</dc:subject>
      <dc:subject>entaala</dc:subject>
      <dc:subject>entaala</dc:subject>
      <dc:subject rdf:resource="http://data.europeana.eu/concept/soundgenres/Music/Traditional_and_folk_music"/>
      <dc:title>Discussion on entamiivu history and playing / Ssematimba ne Kikwabanga / Gganga</dc:title>
      <dcterms:isPartOf rdf:resource="http://sounds.bl.uk/World-and-traditional-music/Peter-Cooke-Uganda"/>
      <dcterms:isPartOf>Peter Cooke Uganda Recordings</dcterms:isPartOf>
      <dcterms:spatial>Home of Kyobe, Namalili near Ndese, Buganda, Uganda</dcterms:spatial>
      <edm:type>SOUND</edm:type>
   </edm:ProvidedCHO>
   <ore:Aggregation rdf:about="http://mint-projects.image.ntua.gr/data/sounds/Aggregation_C0023X0053XX-0300">
      <edm:aggregatedCHO rdf:resource="http://mint-projects.image.ntua.gr/data/sounds/C0023X0053XX-0300"/>
      <edm:dataProvider>The British Library</edm:dataProvider>
      <edm:isShownAt rdf:resource="http://sounds.bl.uk/World-and-traditional-music/Peter-Cooke-Uganda/025M-C0023X0053XX-0300V0"/>
      <edm:object rdf:resource="http://sounds.bl.uk/waveforms/Peter-Cooke-Uganda/025A-C0023X0053XX-0300A0.png"/>
      <edm:provider>Europeana Sounds</edm:provider>
      <dc:rights>The British Library acknowledges the intellectual property rights of those named as contributors and the rights of those not identified. Please refer to the library's legal and ethical usage page: http://sounds.bl.uk/Information/Legal-And-Ethical-Usage </dc:rights>
      <edm:rights rdf:resource="http://www.europeana.eu/rights/rr-f/"/>
   </ore:Aggregation>
</rdf:RDF>