<?xml version="1.0" encoding="UTF-8"?>
<rdf:RDF xmlns:edm="http://www.europeana.eu/schemas/edm/"
         xmlns:xalan="http://xml.apache.org/xalan"
         xmlns:foaf="http://xmlns.com/foaf/0.1/"
         xmlns:mo="http://purl.org/ontology/mo/"
         xmlns:ore="http://www.openarchives.org/ore/terms/"
         xmlns:owl="http://www.w3.org/2002/07/owl#"
         xmlns:rdaGr2="http://rdvocab.info/ElementsGr2/"
         xmlns:cld="http://purl.org/cld/terms/"
         xmlns:rdf="http://www.w3.org/1999/02/22-rdf-syntax-ns#"
         xmlns:crm="http://www.cidoc-crm.org/rdfs/cidoc_crm_v5.0.2_english_label.rdfs#"
         xmlns:rdfs="http://www.w3.org/2000/01/rdf-schema#"
         xmlns:dc="http://purl.org/dc/elements/1.1/"
         xmlns:schema="http://schema.org/"
         xmlns:dcterms="http://purl.org/dc/terms/"
         xmlns:skos="http://www.w3.org/2004/02/skos/core#"
         xmlns:ebucore="http://www.ebu.ch/metadata/ontologies/ebucore/ebucore#"
         xmlns:wgs84="http://www.w3.org/2003/01/geo/wgs84_pos#">
   <edm:ProvidedCHO rdf:about="http://mint-projects.image.ntua.gr/data/sounds/C0023X0025XX-0100">
      <dc:contributor>Bakalyongya, Mr. Lazaro</dc:contributor>
      <dc:contributor>Banyoro Heartbeat of Africa troupe</dc:contributor>
      <dc:contributor>Unidentified (akabuutu)</dc:contributor>
      <dc:contributor>Unidentified (engwara group)</dc:contributor>
      <dc:contributor>Unidentified (leg rattles)</dc:contributor>
      <dc:contributor>Cooke, Peter ; Faini, Professor Phil (West Virginia University) (recordist)</dc:contributor>
      <dc:contributor> (author)</dc:contributor>
      <dc:contributor> (composer)</dc:contributor>
      <dc:coverage> (director)</dc:coverage>
      <dc:coverage> (conductor)</dc:coverage>
      <dc:coverage> (speaker)</dc:coverage>
      <dc:date>1/6/1968</dc:date>
      <dc:description>Item note: Orunyege dance song. Performance note: Voices with one drum and leg rattles. Drum known as akabuutu (small drum). Performer's note: Mr. Lazaro Bakalyongya is a munyoro from Bugembe, Nr. gombolola HQ Busiisi. This group includes some Bagungu (from near the lake) because of the yodelling. All the engwara players live near 14 miles from Hoima. Recording note: Copied from Faini's 5th tape since own recordings had not been successful (Uher microphone problem). Recordist's note: In Peter Cooke's notes, this is PCUG1964-8.34.A1.</dc:description>
      <dc:identifier>C0023X0025XX-0100</dc:identifier>
      <dc:language>Gungu</dc:language>
      <dc:relation>C23/25</dc:relation>
      <dc:subject>Orunyege dance song</dc:subject>
      <dc:subject>akabuutu</dc:subject>
      <dc:subject>engwara group</dc:subject>
      <dc:subject>leg rattles</dc:subject>
      <dc:subject rdf:resource="http://data.europeana.eu/concept/soundgenres/Music/Traditional_and_folk_music"/>
      <dc:title>Nyambwire</dc:title>
      <dcterms:isPartOf rdf:resource="http://sounds.bl.uk/World-and-traditional-music/Peter-Cooke-Uganda"/>
      <dcterms:isPartOf>Peter Cooke Uganda Recordings</dcterms:isPartOf>
      <dcterms:spatial>Busiisi C.D. Centre, Bunyoro District, Uganda</dcterms:spatial>
      <edm:type>SOUND</edm:type>
   </edm:ProvidedCHO>
   <ore:Aggregation rdf:about="http://mint-projects.image.ntua.gr/data/sounds/Aggregation_C0023X0025XX-0100">
      <edm:aggregatedCHO rdf:resource="http://mint-projects.image.ntua.gr/data/sounds/C0023X0025XX-0100"/>
      <edm:dataProvider>The British Library</edm:dataProvider>
      <edm:isShownAt rdf:resource="http://sounds.bl.uk/World-and-traditional-music/Peter-Cooke-Uganda/025M-C0023X0025XX-0100V0"/>
      <edm:object rdf:resource="http://sounds.bl.uk/waveforms/Peter-Cooke-Uganda/025A-C0023X0025XX-0100A0.png"/>
      <edm:provider>Europeana Sounds</edm:provider>
      <dc:rights>The British Library acknowledges the intellectual property rights of those named as contributors and the rights of those not identified. Please refer to the library's legal and ethical usage page: http://sounds.bl.uk/Information/Legal-And-Ethical-Usage </dc:rights>
      <edm:rights rdf:resource="http://www.europeana.eu/rights/rr-f/"/>
   </ore:Aggregation>
</rdf:RDF>