<?xml version="1.0" encoding="UTF-8"?>
<rdf:RDF xmlns:edm="http://www.europeana.eu/schemas/edm/"
         xmlns:xalan="http://xml.apache.org/xalan"
         xmlns:foaf="http://xmlns.com/foaf/0.1/"
         xmlns:mo="http://purl.org/ontology/mo/"
         xmlns:ore="http://www.openarchives.org/ore/terms/"
         xmlns:owl="http://www.w3.org/2002/07/owl#"
         xmlns:rdaGr2="http://rdvocab.info/ElementsGr2/"
         xmlns:cld="http://purl.org/cld/terms/"
         xmlns:rdf="http://www.w3.org/1999/02/22-rdf-syntax-ns#"
         xmlns:crm="http://www.cidoc-crm.org/rdfs/cidoc_crm_v5.0.2_english_label.rdfs#"
         xmlns:rdfs="http://www.w3.org/2000/01/rdf-schema#"
         xmlns:dc="http://purl.org/dc/elements/1.1/"
         xmlns:schema="http://schema.org/"
         xmlns:dcterms="http://purl.org/dc/terms/"
         xmlns:skos="http://www.w3.org/2004/02/skos/core#"
         xmlns:ebucore="http://www.ebu.ch/metadata/ontologies/ebucore/ebucore#"
         xmlns:wgs84="http://www.w3.org/2003/01/geo/wgs84_pos#">
   <edm:ProvidedCHO rdf:about="http://mint-projects.image.ntua.gr/data/sounds/http://phonotheque.mmsh.huma-num.fr/dyn/portal/index.seam?page=alo&amp;aloId=9779">
      <dc:contributor>2011-02-14 ; Musset, Danielle</dc:contributor>
      <dc:creator>Gheorghe Pistiriga (informateur)</dc:creator>
      <dc:creator>Musset, Danielle (enquêteur)</dc:creator>
      <dc:creator/>
      <dc:date>20/02/76</dc:date>
      <dc:description>L'informateur, 40 ans environ au moment de l'enquête, évoque sa jeunesse et son mariage (des prémices jusqu'au déroulement de sa noce qui dura trois jours). A 19 ans, encore célibataire, il rencontre une jeune-fille et après une première discussion, ils décident d'annoncer leur volonté de se marier à leurs parents. Il rend visite un samedi soir aux parents de la jeune fille pour faire sa demande officielle en mariage. Il se remémore les dialogues de la rencontre et, à la demande de l'enquêteur, il précise combien de personnes l'accompagnaient au moment de cette visite. Il donne des détails sur la démarche de la demande en mariage et en particulier la négociation de la dot et l'écriture d'une ''lettre de dot''. Il énumère les autres étapes jusqu'au mariage : analyses médicales (avec dérogation du médecin car la fiancée a 15 ans), enregistrement à la mairie, cérémonie civile, cérémonie de fiançailles où le prêtre, après l'échange de bagues, lie leurs mains avec un mouchoir. Il souligne que le curé annonce (''vesteste'') son mariage chaque dimanche pendant les trois semaines suivant les fiançailles pour éviter tout empêchement à la cérémonie. Il reprend ensuite les dialogues de la cérémonie du mariage devant le maire du village, puis raconte le déroulement de la noce et précise les différents acteurs et leurs rôles. L'enquêteur le questionne sur la parenté de l'époux avec le ''stegar'', Toma lui Les, son cousin. Le premier jour de la noce, un lundi, tôt le matin chez l'époux (''mire''), ils viennent coudre une bannière de noce (''steag''), en présence des musiciens et de jeunes garçons qui dansent la ronde (''roatà''). Au même moment, se déroule la tradition du ''bulciug'', cérémonie d'adieu de la mariée à sa maison familiale. Elle se prépare chez elle : une femme vient lui tresser les cheveux et la coiffe d'une couronne. Ensuite se forme le cortège de la mariée avec les parrains - ceux qui l'ont baptisée - les parents, les invités et le ''stegar''. Le marié, lui, va directement à l'église où du porche, il attend avec quelques jeunes et le prêtre le cortège de la mariée. Il détaille le déroulement de la cérémonie religieuse : le sermon du prêtre, l'intervention du choeur ponctué par les grelots du drapeau, l'agenouillement des mariés pour prêter serment, les mains sur le crucifix. A la fin de la cérémonie, les mariés sortent les premiers de l'église, suivis par les parrains, le ''stegar" puis les autres invités. A la sortie de l'église les garçons dansent une ronde, pendant qu'une bouteille d'eau de vie (''palinca'') est amenée pour que les mariés trinquent avec les participants. Tout le monde va devoir boire de cette bouteille et goûter la gimblette (pain torsadé) de mariage. Les mariés partent alors avec le cortège chez la mariée. Celle-ci avec ses parrains et le ''stegar'' font trois fois le tour d'une table, par dessous une gimblette tenu par deux garçons. Pendant ce rite, des filles jettent du blé et les arrosent avec un bouquet de basilic trempé dans de l'eau sanctifiée à l'église. L'eau sera ensuite jetée sur un arbre. Au moment de se mettre à table, les mariés et les invités du côté du marié entrent dans la maison et dansent une ronde autour de la table. L'informateur rappelle la tradition de la ''négociation de la poule'', avec les cuisinières. Il décrit ensuite le déroulement du repas et énumère les différents plats, les toasts portés par les mariés aux parents. A la fin de l'enregistrement, l'informateur évoque les danses traditionnelles (''jocul colacilor''), la danse de la mariée et les cadeaux pour la mariée. Tout au long de l'entretien, en fond sonore se font entendre des dialogues d'un enfant avec une femme.</dc:description>
      <dc:description>Le roumain est prononcé avec un accent caractéristique de la région de Maramures, et du Pays d’Oas, (nord-ouest de la Roumanie). Le ''stegar'' est traduit du roumain par ''porte-drapeau''. Ici il s'agit du drapeau de mariage, une bannière avec des grelots. ''Socacite'' est un mot ancien du roumain et un régionalisme pour désigner les cuisinières. Dans le cas du mariage, sont les femmes mariées (parentes ou voisines des mariés) qui avaient la responsabilité de préparer le repas de noce et la poule pour laquelle s'engageait toute une négociation avec le parrain. Elles ont un rôle important comme initiatrices dans les rites de passage qui font passer la jeune fille dans le rang des épouses. Le</dc:description>
      <dc:format>1 cass.</dc:format>
      <dc:identifier> numéro d'enquête : 3575</dc:identifier>
      <dc:identifier>cote du support : D3241-1</dc:identifier>
      <dc:language>roumain</dc:language>
      <dc:rights>Ces enregistrements ont fait l’objet d’un contrat d’utilisation et de diffusion avec l’enquêteur.</dc:rights>
      <dc:rights>Consultation en ligne et réutilisation sur autorisation</dc:rights>
      <dc:subject>field recording</dc:subject>
      <dc:subject>ethnomusicologie</dc:subject>
      <dc:subject>mariage</dc:subject>
      <dc:subject>demande en mariage</dc:subject>
      <dc:subject>fiançailles</dc:subject>
      <dc:subject>papier de famille</dc:subject>
      <dc:subject>rite masculin</dc:subject>
      <dc:subject>cérémonie religieuse</dc:subject>
      <dc:subject>repas de noces</dc:subject>
      <dc:subject>bannière</dc:subject>
      <dc:subject>dot</dc:subject>
      <dc:subject>pratique de protection</dc:subject>
      <dc:subject>basilic</dc:subject>
      <dc:subject>porter un toast</dc:subject>
      <dc:subject>parrain</dc:subject>
      <dc:subject>pain</dc:subject>
      <dc:subject>poule</dc:subject>
      <dc:subject>cuisinier</dc:subject>
      <dc:subject>déroulement de la fête</dc:subject>
      <dc:subject>négociation</dc:subject>
      <dc:subject>mets de fête</dc:subject>
      <dc:subject>technique de coiffure</dc:subject>
      <dc:subject>ban</dc:subject>
      <dc:subject>Roumanie</dc:subject>
      <dc:subject>Bulciugul miresei</dc:subject>
      <dc:subject>danse des gimblettes</dc:subject>
      <dc:subject xml:lang="fr"
                  rdf:resource="http://data.europeana.eu/concept/soundgenres/Music/Traditional_and_folk_music"/>
      <dc:subject xml:lang="fr"
                  rdf:resource="http://data.europeana.eu/concept/soundgenres/Spoken_word_recordings"/>
      <dc:subject>témoignage thématique</dc:subject>
      <dc:title>Un habitant de Moiseni (Roumanie) raconte le déroulement de son mariage dans les années 1940</dc:title>
      <dcterms:extent>40min 52s</dcterms:extent>
      <dcterms:isPartOf xml:lang="fr"
                        rdf:resource="http://phonotheque.mmsh.huma-num.fr/dyn/portal/index.seam?page=alo&amp;aloId=3773"/>
      <dcterms:provenance>Phonothèque de la maison méditerranéenne des sciences de l'homme (USR 3125, Aix-Marseille Université/CNRS)</dcterms:provenance>
      <dcterms:spatial>Moiseni</dcterms:spatial>
      <edm:type>SOUND</edm:type>
   </edm:ProvidedCHO>
   <ore:Aggregation rdf:about="http://mint-projects.image.ntua.gr/data/sounds/Aggregation_http://phonotheque.mmsh.huma-num.fr/dyn/portal/index.seam?page=alo&amp;aloId=9779">
      <edm:aggregatedCHO rdf:resource="http://mint-projects.image.ntua.gr/data/sounds/http://phonotheque.mmsh.huma-num.fr/dyn/portal/index.seam?page=alo&amp;aloId=9779"/>
      <edm:dataProvider>CNRS-MMSH</edm:dataProvider>
      <edm:isShownBy rdf:resource="http://multimedia.mmsh.univ-aix.fr/phonotheque-3575"/>
      <edm:provider>Europeana Sounds</edm:provider>
      <edm:rights rdf:resource="http://creativecommons.org/licenses/by-nc/3.0/"/>
   </ore:Aggregation>
   <edm:WebResource rdf:about="http://multimedia.mmsh.univ-aix.fr/phonotheque-3575"/>
</rdf:RDF>