<?xml version="1.0" encoding="UTF-8"?>
<rdf:RDF xmlns:edm="http://www.europeana.eu/schemas/edm/"
         xmlns:xalan="http://xml.apache.org/xalan"
         xmlns:foaf="http://xmlns.com/foaf/0.1/"
         xmlns:mo="http://purl.org/ontology/mo/"
         xmlns:ore="http://www.openarchives.org/ore/terms/"
         xmlns:owl="http://www.w3.org/2002/07/owl#"
         xmlns:rdaGr2="http://rdvocab.info/ElementsGr2/"
         xmlns:cld="http://purl.org/cld/terms/"
         xmlns:rdf="http://www.w3.org/1999/02/22-rdf-syntax-ns#"
         xmlns:crm="http://www.cidoc-crm.org/rdfs/cidoc_crm_v5.0.2_english_label.rdfs#"
         xmlns:rdfs="http://www.w3.org/2000/01/rdf-schema#"
         xmlns:dc="http://purl.org/dc/elements/1.1/"
         xmlns:schema="http://schema.org/"
         xmlns:dcterms="http://purl.org/dc/terms/"
         xmlns:skos="http://www.w3.org/2004/02/skos/core#"
         xmlns:ebucore="http://www.ebu.ch/metadata/ontologies/ebucore/ebucore#"
         xmlns:wgs84="http://www.w3.org/2003/01/geo/wgs84_pos#">
   <edm:ProvidedCHO rdf:about="http://mint-projects.image.ntua.gr/data/sounds/http://phonotheque.mmsh.huma-num.fr/dyn/portal/index.seam?page=alo&amp;aloId=9776">
      <dc:contributor>2011-02-14 ; Musset, Danielle</dc:contributor>
      <dc:creator>Musset, Danielle (enquêteur)</dc:creator>
      <dc:creator/>
      <dc:date>1974-10</dc:date>
      <dc:description>Le ''staroste'' annonce à haute voix les cadeaux pour les mariés, en précisant chaque fois le nom de la famille offrante. Pendant la première annonce, le staroste remarque la générosité d’un ami de la famille, communique la somme offerte et le remercie ensuite.</dc:description>
      <dc:description>Le ''staroste'', qui dans le contexte du mariage est traduit comme meneur du jeu ou de la cérémonie, est un mot ancien et un régionalisme désignant la personne qui faisait l'intermédiaire, entre les deux familles des futurs mariés, pour la demande en mariage. Elle était chargée d'aller faire la demande en mariage dans la famille de la jeune-fille de la part du garçon.</dc:description>
      <dc:format>1 cass.</dc:format>
      <dc:identifier> numéro d'enquête : 3572</dc:identifier>
      <dc:identifier>cote du support : D3240-11</dc:identifier>
      <dc:language>roumain</dc:language>
      <dc:rights>Ces enregistrements ont fait l’objet d’un contrat d’utilisation et de diffusion avec l’enquêteur.</dc:rights>
      <dc:rights>Consultation en ligne et réutilisation sur autorisation</dc:rights>
      <dc:subject>field recording</dc:subject>
      <dc:subject>ethnomusicologie</dc:subject>
      <dc:subject>mariage</dc:subject>
      <dc:subject>bal de noces</dc:subject>
      <dc:subject>cadeau de noces</dc:subject>
      <dc:subject>parenté et vie familiale</dc:subject>
      <dc:subject>Roumanie</dc:subject>
      <dc:subject xml:lang="fr"
                  rdf:resource="http://data.europeana.eu/concept/soundgenres/Music/Traditional_and_folk_music"/>
      <dc:subject xml:lang="fr"
                  rdf:resource="http://data.europeana.eu/concept/soundgenres/Spoken_word_recordings"/>
      <dc:subject>parole/paysage sonore</dc:subject>
      <dc:title>Ambiance d’une noce en Roumanie, au moment de l’annonce des cadeaux pour les mariés</dc:title>
      <dcterms:extent>38s</dcterms:extent>
      <dcterms:isPartOf xml:lang="fr"
                        rdf:resource="http://phonotheque.mmsh.huma-num.fr/dyn/portal/index.seam?page=alo&amp;aloId=3773"/>
      <dcterms:provenance>Phonothèque de la maison méditerranéenne des sciences de l'homme (USR 3125, Aix-Marseille Université/CNRS)</dcterms:provenance>
      <dcterms:spatial>Bixad</dcterms:spatial>
      <edm:type>SOUND</edm:type>
   </edm:ProvidedCHO>
   <ore:Aggregation rdf:about="http://mint-projects.image.ntua.gr/data/sounds/Aggregation_http://phonotheque.mmsh.huma-num.fr/dyn/portal/index.seam?page=alo&amp;aloId=9776">
      <edm:aggregatedCHO rdf:resource="http://mint-projects.image.ntua.gr/data/sounds/http://phonotheque.mmsh.huma-num.fr/dyn/portal/index.seam?page=alo&amp;aloId=9776"/>
      <edm:dataProvider>CNRS-MMSH</edm:dataProvider>
      <edm:isShownBy rdf:resource="http://multimedia.mmsh.univ-aix.fr/phonotheque-3572"/>
      <edm:provider>Europeana Sounds</edm:provider>
      <edm:rights rdf:resource="http://creativecommons.org/licenses/by-nc/3.0/"/>
   </ore:Aggregation>
   <edm:WebResource rdf:about="http://multimedia.mmsh.univ-aix.fr/phonotheque-3572"/>
</rdf:RDF>