<?xml version="1.0" encoding="UTF-8"?>
<rdf:RDF xmlns:edm="http://www.europeana.eu/schemas/edm/"
         xmlns:xalan="http://xml.apache.org/xalan"
         xmlns:foaf="http://xmlns.com/foaf/0.1/"
         xmlns:mo="http://purl.org/ontology/mo/"
         xmlns:ore="http://www.openarchives.org/ore/terms/"
         xmlns:owl="http://www.w3.org/2002/07/owl#"
         xmlns:rdaGr2="http://rdvocab.info/ElementsGr2/"
         xmlns:cld="http://purl.org/cld/terms/"
         xmlns:rdf="http://www.w3.org/1999/02/22-rdf-syntax-ns#"
         xmlns:crm="http://www.cidoc-crm.org/rdfs/cidoc_crm_v5.0.2_english_label.rdfs#"
         xmlns:rdfs="http://www.w3.org/2000/01/rdf-schema#"
         xmlns:dc="http://purl.org/dc/elements/1.1/"
         xmlns:schema="http://schema.org/"
         xmlns:dcterms="http://purl.org/dc/terms/"
         xmlns:skos="http://www.w3.org/2004/02/skos/core#"
         xmlns:ebucore="http://www.ebu.ch/metadata/ontologies/ebucore/ebucore#"
         xmlns:wgs84="http://www.w3.org/2003/01/geo/wgs84_pos#">
   <edm:ProvidedCHO rdf:about="http://mint-projects.image.ntua.gr/data/sounds/http://phonotheque.mmsh.huma-num.fr/dyn/portal/index.seam?page=alo&amp;aloId=9764">
      <dc:contributor>2011-02-14 ; Musset, Danielle</dc:contributor>
      <dc:creator>Petre Gichii (informateur)</dc:creator>
      <dc:creator>Musset, Danielle (enquêteur)</dc:creator>
      <dc:creator/>
      <dc:date>1974</dc:date>
      <dc:description>L'informateur Petre Gichii commence son récit par la demande en mariage : quand le garçon, escorté de ses parents, rencontre un samedi soir les parents de la future épouse pour la demande officielle en mariage et la '’négociation'' de la dot. Chacune des deux familles présente ce qu'elle va donner au futur marié (une maison, un terrain, de l'argent ou des animaux - boeufs ou moutons). Après le récit de cet engagement, l'informateur évoque brièvement une première cérémonie avec un échange de bagues devant le curé, l'annonce de leur futur mariage chaque dimanche dans l'église (''vestire''), les analyses de sang et le mariage civil. L'informateur évoque ensuite l'organisation du mariage religieux, avec le choix des parrains (deux ou quatre) et détaille le repas chez la mariée, où tous les parents sont invités. Il se présente comme le ''staroste'’ de son villlage. Il récite des fragments des textes que le ''stegar'' ou le ‘’staroste’’ doivent prononcer lors du repas et le dialogue versifié avec les "socàcite''. L'informateur s'attarde sur la tradition de négociation de la poule : les cuisinières préparent une poule que le parrain va devoir acheter (après négociations) pour les récompenser (avec 50 ou 100 lei). L'informateur reprend ce qu'il doit dire avant que la poule soit partagée à la table d'honneur : ''Mai socacite/ Gaina care-i de nunta/ Nu se tine cu ovaz [Allons cuisinières/ La poule de la noce/ Ne s'élève pas avec de l'avoine]. L'informateur se remémore par la suite tous les autres échanges des ''socàcite'' avec le ''staroste'' et le ''stegar'', tout au long des requêtes-offres. Il énumère les cadeaux de la mariée - les perles, les porcs, l'eau de vie et les poussins. Par la suite il mentionne que la mariée donne au ‘’staroste’’et au ‘’stegar’’ une ronce avec des perles, les cuisinières amènent des épis de maïs brûlés, un tonneau de bois sans alcool (''tuica'' ou ''palinca'') et un ou deux enfants sont amenés pour être embrassée par la mariée. C'est alors que commence la ''danse des gimblettes'' pendant laquelle les cuisinières et la marraine dansent en ronde et chantent. Après la danse, la table est mise et de la soupe, de la viande, de la viande hachée dans des feuilles de chou (''sarmale''), de l'alcool et des gâteaux sont servis. Après le repas suivent des danses d'Oas, notamment la danse de la mariée où celui qui veut danser avec elle, doit payer (exemple du parrain qui offre 100 lei). A la fin de son récit, Petre Gichii rappelle la tradition de cacher la mariée le deuxième jour de noces, il récite l'adieu de la mariée et énumère d'autres coutumes avant et après la cérémonie religieuse. L'entretien se termine sur le résumé du troisième jour de noces où le marié récupère des perles de la coiffe de son épouse pour les mettre dans son chapeau.</dc:description>
      <dc:description>Le roumain est prononcé avec un accent caractéristique de la région de Maramures, et du Pays d’Oas, (nord-ouest de la Roumanie). Le mot roumain utilisé ici pour la demande en mariage est ''petit''[petzit]. Ce terme implique l'existence d'une personne qui faisait l'intermédiaire. Le ''staroste'', qui dans le contexte du mariage est traduit comme meneur du jeu ou de la cérémonie, est un mot ancien et un régionalisme désignant la personne qui faisait l'intermédiaire, entre les deux familles des futurs mariés, pour la demande en mariage. Elle était chargée d'aller faire la demande en mariage dans la famille de la jeune-fille de la part du garçon. Le ''stegar'' est traduit du roumain par "porte-d</dc:description>
      <dc:format>1 cass.</dc:format>
      <dc:identifier> numéro d'enquête : 3568</dc:identifier>
      <dc:identifier>cote du support : D3239</dc:identifier>
      <dc:language>roumain</dc:language>
      <dc:rights>Ces enregistrements ont fait l’objet d’un contrat d’utilisation et de diffusion avec l’enquêteur.</dc:rights>
      <dc:rights>Consultation en ligne et réutilisation sur autorisation</dc:rights>
      <dc:subject>field recording</dc:subject>
      <dc:subject>ethnomusicologie</dc:subject>
      <dc:subject>mariage</dc:subject>
      <dc:subject>dot</dc:subject>
      <dc:subject>cadeau de noces</dc:subject>
      <dc:subject>poule</dc:subject>
      <dc:subject>coiffe de mariage</dc:subject>
      <dc:subject>bannière</dc:subject>
      <dc:subject>commensalité</dc:subject>
      <dc:subject>repas de noces</dc:subject>
      <dc:subject>porte-bonheur</dc:subject>
      <dc:subject>pratique de protection</dc:subject>
      <dc:subject>cuisinier</dc:subject>
      <dc:subject>parrain</dc:subject>
      <dc:subject>Moiseni</dc:subject>
      <dc:subject>Roumanie</dc:subject>
      <dc:subject>jours de la semaine</dc:subject>
      <dc:subject>Bulciugul miresei</dc:subject>
      <dc:subject>Chant de la poule</dc:subject>
      <dc:subject>chanson du mariage</dc:subject>
      <dc:subject>chanson des noces</dc:subject>
      <dc:subject xml:lang="fr"
                  rdf:resource="http://data.europeana.eu/concept/soundgenres/Music/Traditional_and_folk_music"/>
      <dc:subject xml:lang="fr"
                  rdf:resource="http://data.europeana.eu/concept/soundgenres/Spoken_word_recordings"/>
      <dc:subject>témoignage thématique</dc:subject>
      <dc:title>Entretien sur le mariage avec un habitant du village de Moiseni en Roumanie au début des années 1970</dc:title>
      <dcterms:extent>33min 38s</dcterms:extent>
      <dcterms:isPartOf xml:lang="fr"
                        rdf:resource="http://phonotheque.mmsh.huma-num.fr/dyn/portal/index.seam?page=alo&amp;aloId=3773"/>
      <dcterms:provenance>Phonothèque de la maison méditerranéenne des sciences de l'homme (USR 3125, Aix-Marseille Université/CNRS)</dcterms:provenance>
      <dcterms:spatial>Moiseni</dcterms:spatial>
      <edm:type>SOUND</edm:type>
   </edm:ProvidedCHO>
   <ore:Aggregation rdf:about="http://mint-projects.image.ntua.gr/data/sounds/Aggregation_http://phonotheque.mmsh.huma-num.fr/dyn/portal/index.seam?page=alo&amp;aloId=9764">
      <edm:aggregatedCHO rdf:resource="http://mint-projects.image.ntua.gr/data/sounds/http://phonotheque.mmsh.huma-num.fr/dyn/portal/index.seam?page=alo&amp;aloId=9764"/>
      <edm:dataProvider>CNRS-MMSH</edm:dataProvider>
      <edm:isShownBy rdf:resource="http://multimedia.mmsh.univ-aix.fr/phonotheque-3568"/>
      <edm:provider>Europeana Sounds</edm:provider>
      <edm:rights rdf:resource="http://creativecommons.org/licenses/by-nc/3.0/"/>
   </ore:Aggregation>
   <edm:WebResource rdf:about="http://multimedia.mmsh.univ-aix.fr/phonotheque-3568"/>
</rdf:RDF>