<?xml version="1.0" encoding="UTF-8"?>
<rdf:RDF xmlns:edm="http://www.europeana.eu/schemas/edm/"
         xmlns:xalan="http://xml.apache.org/xalan"
         xmlns:foaf="http://xmlns.com/foaf/0.1/"
         xmlns:mo="http://purl.org/ontology/mo/"
         xmlns:ore="http://www.openarchives.org/ore/terms/"
         xmlns:owl="http://www.w3.org/2002/07/owl#"
         xmlns:rdaGr2="http://rdvocab.info/ElementsGr2/"
         xmlns:cld="http://purl.org/cld/terms/"
         xmlns:rdf="http://www.w3.org/1999/02/22-rdf-syntax-ns#"
         xmlns:crm="http://www.cidoc-crm.org/rdfs/cidoc_crm_v5.0.2_english_label.rdfs#"
         xmlns:rdfs="http://www.w3.org/2000/01/rdf-schema#"
         xmlns:dc="http://purl.org/dc/elements/1.1/"
         xmlns:schema="http://schema.org/"
         xmlns:dcterms="http://purl.org/dc/terms/"
         xmlns:skos="http://www.w3.org/2004/02/skos/core#"
         xmlns:ebucore="http://www.ebu.ch/metadata/ontologies/ebucore/ebucore#"
         xmlns:wgs84="http://www.w3.org/2003/01/geo/wgs84_pos#">
   <edm:ProvidedCHO rdf:about="http://mint-projects.image.ntua.gr/data/sounds/http://phonotheque.mmsh.huma-num.fr/dyn/portal/index.seam?page=alo&amp;aloId=9788">
      <dc:contributor>2011-02-14 ; Musset, Danielle</dc:contributor>
      <dc:creator>Multiple (interv.)</dc:creator>
      <dc:creator>Musset, Danielle (enquêteur)</dc:creator>
      <dc:creator/>
      <dc:date>1977-10</dc:date>
      <dc:description>L’enregistrement rend la danse de la mariée avec les demoiselles d’honneur et quelques jeunes femmes. Les femmes chantent en même temps et parfois poussent de cris. Au milieu de l’enregistrement se produit une sorte d’agitation. C’est le moment où le cortège parti de la maison du marié, arrive au portail de la mariée. Les demoiselles d’honneur essaient de repousser le porte-drapeau et les autres invités du cortège, venus pour l’emmener à l’église.</dc:description>
      <dc:description>''Roatà'', traduit ici du roumain par ronde, est une danse exécutée en rond, soit par les femmes entre elles, soit par les hommes entre eux.</dc:description>
      <dc:format>1 cass.</dc:format>
      <dc:identifier> numéro d'enquête : 3578</dc:identifier>
      <dc:identifier>cote du support : D3242-4</dc:identifier>
      <dc:language>roumain</dc:language>
      <dc:rights>Ces enregistrements ont fait l’objet d’un contrat d’utilisation et de diffusion avec l’enquêteur.</dc:rights>
      <dc:rights>Consultation en ligne et réutilisation sur autorisation</dc:rights>
      <dc:subject>field recording</dc:subject>
      <dc:subject>ethnomusicologie</dc:subject>
      <dc:subject>mariage</dc:subject>
      <dc:subject>bannière</dc:subject>
      <dc:subject>dialogue</dc:subject>
      <dc:subject>rite féminin</dc:subject>
      <dc:subject>violon</dc:subject>
      <dc:subject>guitare</dc:subject>
      <dc:subject>grelot</dc:subject>
      <dc:subject>Roumanie</dc:subject>
      <dc:subject>Roata fetelor</dc:subject>
      <dc:subject xml:lang="fr"
                  rdf:resource="http://data.europeana.eu/concept/soundgenres/Music/Traditional_and_folk_music"/>
      <dc:subject xml:lang="fr"
                  rdf:resource="http://data.europeana.eu/concept/soundgenres/Spoken_word_recordings"/>
      <dc:subject>chanson-musique/paysage sonore</dc:subject>
      <dc:title>Ronde des filles exécutée chez la mariée à Moiseni (Roumanie) en 1977 et arrivée du cortège qui va la conduire à l’église</dc:title>
      <dcterms:extent>3min</dcterms:extent>
      <dcterms:isPartOf xml:lang="fr"
                        rdf:resource="http://phonotheque.mmsh.huma-num.fr/dyn/portal/index.seam?page=alo&amp;aloId=3773"/>
      <dcterms:provenance>Phonothèque de la maison méditerranéenne des sciences de l'homme (USR 3125, Aix-Marseille Université/CNRS)</dcterms:provenance>
      <dcterms:spatial>Moiseni</dcterms:spatial>
      <edm:type>SOUND</edm:type>
   </edm:ProvidedCHO>
   <ore:Aggregation rdf:about="http://mint-projects.image.ntua.gr/data/sounds/Aggregation_http://phonotheque.mmsh.huma-num.fr/dyn/portal/index.seam?page=alo&amp;aloId=9788">
      <edm:aggregatedCHO rdf:resource="http://mint-projects.image.ntua.gr/data/sounds/http://phonotheque.mmsh.huma-num.fr/dyn/portal/index.seam?page=alo&amp;aloId=9788"/>
      <edm:dataProvider>CNRS-MMSH</edm:dataProvider>
      <edm:isShownBy rdf:resource="http://multimedia.mmsh.univ-aix.fr/phonotheque-3578-4"/>
      <edm:provider>Europeana Sounds</edm:provider>
      <edm:rights rdf:resource="http://creativecommons.org/licenses/by-nc/3.0/"/>
   </ore:Aggregation>
   <edm:WebResource rdf:about="http://multimedia.mmsh.univ-aix.fr/phonotheque-3578-4"/>
</rdf:RDF>