<?xml version="1.0" encoding="UTF-8"?>
<rdf:RDF xmlns:edm="http://www.europeana.eu/schemas/edm/"
         xmlns:xalan="http://xml.apache.org/xalan"
         xmlns:foaf="http://xmlns.com/foaf/0.1/"
         xmlns:mo="http://purl.org/ontology/mo/"
         xmlns:ore="http://www.openarchives.org/ore/terms/"
         xmlns:owl="http://www.w3.org/2002/07/owl#"
         xmlns:rdaGr2="http://rdvocab.info/ElementsGr2/"
         xmlns:cld="http://purl.org/cld/terms/"
         xmlns:rdf="http://www.w3.org/1999/02/22-rdf-syntax-ns#"
         xmlns:crm="http://www.cidoc-crm.org/rdfs/cidoc_crm_v5.0.2_english_label.rdfs#"
         xmlns:rdfs="http://www.w3.org/2000/01/rdf-schema#"
         xmlns:dc="http://purl.org/dc/elements/1.1/"
         xmlns:schema="http://schema.org/"
         xmlns:dcterms="http://purl.org/dc/terms/"
         xmlns:skos="http://www.w3.org/2004/02/skos/core#"
         xmlns:ebucore="http://www.ebu.ch/metadata/ontologies/ebucore/ebucore#"
         xmlns:wgs84="http://www.w3.org/2003/01/geo/wgs84_pos#">
   <edm:ProvidedCHO rdf:about="http://mint-projects.image.ntua.gr/data/sounds/http://phonotheque.mmsh.huma-num.fr/dyn/portal/index.seam?page=alo&amp;aloId=9802">
      <dc:contributor>2011-02-14 ; Musset, Danielle</dc:contributor>
      <dc:creator>Multiple (interpr.)</dc:creator>
      <dc:creator>Musset, Danielle (enquêteur)</dc:creator>
      <dc:creator/>
      <dc:date>13/11/77</dc:date>
      <dc:description>L’enregistrement capture l'atmosphère de la noce lorsque tous les invités se sont installés à table. En fond sonore, on entend la ‘’chanson de la poule’’ (Cântecul gainei). La chanson était interprétée au moment où la ‘’socacita’’ amenait la poule. La chanson s’adresse au parrain: ‘’Nànasule om ales, nu mà-ntreba càtinel/ Ca eu vin din depàrtare/ Cu gàina de vânzare/ Nànasule om cinstit nu stiu de unde-ai venit/ Cà esti tare pregàtit/ Pan-amu tot v-am cântat/ De bani nu v-am intrebat/ Dacà banii nu mi-ti da/ Voi gàina nu-ti manca/ Frunzà verde, iarbà ruptà,/ Scoate mài nànas o suta/ De vrei gàina gàtatà/ Nu mai te gandi departe./ Nanase nu te gândi/ Ca gàina n-oi plati/’’[‘’Parrain, homme respectable/ Ne me demande pas doucement/ Car je viens de loin, avec une poule à vendre/ Parrain, homme respectable/ Je ne sais pas d’où tu es venu/ Car tu es bien préparé/ Jusqu’à présent je n’ai fait que chanter/ Je ne vous ai pas parlé d’argent/ Si de l’argent vous n’allez pas m’en donner/ De la poule vous n’allez pas manger/ Feuille verte, herbe coupée/ Sors un billet de cent/ Si tu veux une poule cuisinée/ Ne fais pas semblant de penser/ Ne pense pas loin/ Parrain, ne songe même pas/ Que la poule tu ne payeras pas’’]. L’enregistrement se termine avec une interpellation versifiée du ‘’staroste’’ qui provoque les rires des invités. Il critique la manière dont la poule a été élevée : ‘’Gàina care-i de nunta/ Nu se tine cu ovaz’[La poule de la noce/ Ne s’élève pas avec de l’avoine]. Pour se défendre, la ‘’socacita’’ demande formellement entre deux couplets: ‘’Da’ de unde stii tu cu ce-am tinut-o, nu vezi cat ii di grasa?’’[Mais comment pourrais-tu savoir avec quoi je l’ai élevée, ne vois-tu pas comment elle est grasse?]</dc:description>
      <dc:description>Le roumain est prononcé avec un accent caractéristique de la région de Maramures, et du Pays d’Oas, (nord-ouest de la Roumanie). Le ''staroste'', qui dans le contexte du mariage est traduit comme meneur du jeu ou de la cérémonie, est un mot ancien et un régionalisme désignant la personne qui faisait l'intermédiaire, entre les deux familles des futurs mariés, pour la demande en mariage. ''Socacite'' est un mot ancien du roumain et un régionalisme pour désigner les cuisinières. Dans le cas du mariage, elles avaient la responsabilité de préparer le repas de noce et la poule pour laquelle s'engageait toute une négociation avec le parrain.</dc:description>
      <dc:format>1 cass.</dc:format>
      <dc:identifier> numéro d'enquête : 3586</dc:identifier>
      <dc:identifier>cote du support : D3243</dc:identifier>
      <dc:language>roumain</dc:language>
      <dc:rights>Ces enregistrements ont fait l’objet d’un contrat d’utilisation et de diffusion avec l’enquêteur.</dc:rights>
      <dc:rights>Consultation en ligne et réutilisation sur autorisation</dc:rights>
      <dc:subject>field recording</dc:subject>
      <dc:subject>ethnomusicologie</dc:subject>
      <dc:subject>rite de passage</dc:subject>
      <dc:subject>mariage</dc:subject>
      <dc:subject>repas de noces</dc:subject>
      <dc:subject>dialogue</dc:subject>
      <dc:subject>cuisinier</dc:subject>
      <dc:subject>poule</dc:subject>
      <dc:subject>négociation</dc:subject>
      <dc:subject>parrain</dc:subject>
      <dc:subject>commensalité</dc:subject>
      <dc:subject>vente aux enchères</dc:subject>
      <dc:subject>guitare</dc:subject>
      <dc:subject>violon</dc:subject>
      <dc:subject>Roumanie</dc:subject>
      <dc:subject>années 1970</dc:subject>
      <dc:subject>Chant de la poule</dc:subject>
      <dc:subject xml:lang="fr"
                  rdf:resource="http://data.europeana.eu/concept/soundgenres/Music/Traditional_and_folk_music"/>
      <dc:subject xml:lang="fr"
                  rdf:resource="http://data.europeana.eu/concept/soundgenres/Spoken_word_recordings"/>
      <dc:subject>paysage sonore/chant/parole</dc:subject>
      <dc:title>Chant de la poule et dialogue entre un ‘’staroste’’ (meneur de jeu) et une ‘’socàcita’’ (cuisinière) lors d’une noce à Moiseni (Roumanie), en 1977</dc:title>
      <dcterms:extent>4min 37s</dcterms:extent>
      <dcterms:isPartOf xml:lang="fr"
                        rdf:resource="http://phonotheque.mmsh.huma-num.fr/dyn/portal/index.seam?page=alo&amp;aloId=3773"/>
      <dcterms:provenance>Phonothèque de la maison méditerranéenne des sciences de l'homme (USR 3125, Aix-Marseille Université/CNRS)</dcterms:provenance>
      <dcterms:spatial>Moiseni</dcterms:spatial>
      <edm:type>SOUND</edm:type>
   </edm:ProvidedCHO>
   <ore:Aggregation rdf:about="http://mint-projects.image.ntua.gr/data/sounds/Aggregation_http://phonotheque.mmsh.huma-num.fr/dyn/portal/index.seam?page=alo&amp;aloId=9802">
      <edm:aggregatedCHO rdf:resource="http://mint-projects.image.ntua.gr/data/sounds/http://phonotheque.mmsh.huma-num.fr/dyn/portal/index.seam?page=alo&amp;aloId=9802"/>
      <edm:dataProvider>CNRS-MMSH</edm:dataProvider>
      <edm:isShownBy rdf:resource="http://multimedia.mmsh.univ-aix.fr/phonotheque-3586"/>
      <edm:provider>Europeana Sounds</edm:provider>
      <edm:rights rdf:resource="http://creativecommons.org/licenses/by-nc/3.0/"/>
   </ore:Aggregation>
   <edm:WebResource rdf:about="http://multimedia.mmsh.univ-aix.fr/phonotheque-3586"/>
</rdf:RDF>