<?xml version="1.0" encoding="UTF-8"?>
<rdf:RDF xmlns:edm="http://www.europeana.eu/schemas/edm/"
         xmlns:xalan="http://xml.apache.org/xalan"
         xmlns:foaf="http://xmlns.com/foaf/0.1/"
         xmlns:mo="http://purl.org/ontology/mo/"
         xmlns:ore="http://www.openarchives.org/ore/terms/"
         xmlns:owl="http://www.w3.org/2002/07/owl#"
         xmlns:rdaGr2="http://rdvocab.info/ElementsGr2/"
         xmlns:cld="http://purl.org/cld/terms/"
         xmlns:rdf="http://www.w3.org/1999/02/22-rdf-syntax-ns#"
         xmlns:crm="http://www.cidoc-crm.org/rdfs/cidoc_crm_v5.0.2_english_label.rdfs#"
         xmlns:rdfs="http://www.w3.org/2000/01/rdf-schema#"
         xmlns:dc="http://purl.org/dc/elements/1.1/"
         xmlns:schema="http://schema.org/"
         xmlns:dcterms="http://purl.org/dc/terms/"
         xmlns:skos="http://www.w3.org/2004/02/skos/core#"
         xmlns:ebucore="http://www.ebu.ch/metadata/ontologies/ebucore/ebucore#"
         xmlns:wgs84="http://www.w3.org/2003/01/geo/wgs84_pos#">
   <edm:ProvidedCHO rdf:about="http://mint-projects.image.ntua.gr/data/sounds/http://phonotheque.mmsh.huma-num.fr/dyn/portal/index.seam?page=alo&amp;aloId=9792">
      <dc:contributor>2011-02-14 ; Musset, Danielle</dc:contributor>
      <dc:creator>Multiple (interv.)</dc:creator>
      <dc:creator>Musset, Danielle (enquêteur)</dc:creator>
      <dc:creator/>
      <dc:date>1977-10</dc:date>
      <dc:description>Dans l'ambiance sonore d'un repas, le porte drapeau, le ''staroste'' et quelques jeunes hommes se mettent à interpeller les ''socacité'' dans le but d'obtenir les dons de la mariée (''darurile miresei''). Cette intervention est annoncée par le bruit des grelots accrochés au drapeau. Pour attirer l'attention des invités, ils interpellent l'assemblée : ''Mai gazdele casei, mai![Hola, maîtres du logis, holà]. Ensuite le ''stegar'' et le ''staroste'' interpellent les cuisinières avec ''Mai, socàcité, mai''. L'échange des répliques (en vers, à caractère humoristique) est parfois entrecoupé par les dialogues et les plaisanteries des invités. Ensuite, en fond sonore commencent à se faire entendre un violon et une guitare. Graduellement la musique viendra en premier plan pour accompagner un groupe de femmes interprétant une chanson sur le parrain et la négocie de la poule. A un moment donné, le parrain offre 100 lei à la cuisinière qui a préparé la poule, un jeune garçon essaie d'obtenir plus. Le parrain s'excuse de ne pas avoir la possibilité de donner plus et invite le jeune à boire. Avant que la poule soit partagée à la table d'honneur, le ''staroste'' reprend son interpellation des ''socacité'': Futut raiul socacita/ C-a voastra gaina-i sura/ Ca o-ati prins de dupa sura/ [Maudite sois-tu cuisinière/ Votre poule est grise/ Car vous l'avez prise derrière le hangar] (...) L'interpellation en vers du ''staroste'' se termine dans les rires des invités.</dc:description>
      <dc:description>Le roumain est prononcé avec un accent caractéristique de la région de Maramures, et du Pays d’Oas, (nord-ouest de la Roumanie). Le ''staroste'', qui dans le contexte du mariage est traduit comme meneur du jeu ou de la cérémonie, est un mot ancien et un régionalisme désignant la personne qui faisait l'intermédiaire, entre les deux familles des futurs mariés, pour la demande en mariage. Le ''stegar'' est traduit du roumain par ''porte-drapeau''. Ici il s'agit du drapeau de mariage, une bannière avec des grelots. ''Socacite'' est un mot ancien du roumain et un régionalisme pour désigner les cuisinières. Dans le cas du mariage, sont les femmes mariées (parentes ou voisines des mariés) qui avaie</dc:description>
      <dc:format>1 cass.</dc:format>
      <dc:identifier> numéro d'enquête : 3578</dc:identifier>
      <dc:identifier>cote du support : D3242-8</dc:identifier>
      <dc:language>roumain</dc:language>
      <dc:rights>Ces enregistrements ont fait l’objet d’un contrat d’utilisation et de diffusion avec l’enquêteur.</dc:rights>
      <dc:rights>Consultation en ligne et réutilisation sur autorisation</dc:rights>
      <dc:subject>field recording</dc:subject>
      <dc:subject>ethnomusicologie</dc:subject>
      <dc:subject>rite de passage</dc:subject>
      <dc:subject>repas de noces</dc:subject>
      <dc:subject>dialogue</dc:subject>
      <dc:subject>humour</dc:subject>
      <dc:subject>négociation</dc:subject>
      <dc:subject>parrain</dc:subject>
      <dc:subject>poule</dc:subject>
      <dc:subject>poésie</dc:subject>
      <dc:subject>cuisinier</dc:subject>
      <dc:subject>commensalité</dc:subject>
      <dc:subject>vente aux enchères</dc:subject>
      <dc:subject>déroulement de la fête</dc:subject>
      <dc:subject>violon</dc:subject>
      <dc:subject>guitare</dc:subject>
      <dc:subject>Roumanie</dc:subject>
      <dc:subject xml:lang="fr"
                  rdf:resource="http://data.europeana.eu/concept/soundgenres/Music/Traditional_and_folk_music"/>
      <dc:subject xml:lang="fr"
                  rdf:resource="http://data.europeana.eu/concept/soundgenres/Spoken_word_recordings"/>
      <dc:subject>paysage sonore/chanson-musique</dc:subject>
      <dc:title>Les dons de la mariée, les interpellations des cuisinières et la scène de la négociation de la poule pendant le repas de noce à Moiseni 1977</dc:title>
      <dcterms:extent>11min 36s</dcterms:extent>
      <dcterms:isPartOf xml:lang="fr"
                        rdf:resource="http://phonotheque.mmsh.huma-num.fr/dyn/portal/index.seam?page=alo&amp;aloId=3773"/>
      <dcterms:provenance>Phonothèque de la maison méditerranéenne des sciences de l'homme (USR 3125, Aix-Marseille Université/CNRS)</dcterms:provenance>
      <dcterms:spatial>Moiseni</dcterms:spatial>
      <edm:type>SOUND</edm:type>
   </edm:ProvidedCHO>
   <ore:Aggregation rdf:about="http://mint-projects.image.ntua.gr/data/sounds/Aggregation_http://phonotheque.mmsh.huma-num.fr/dyn/portal/index.seam?page=alo&amp;aloId=9792">
      <edm:aggregatedCHO rdf:resource="http://mint-projects.image.ntua.gr/data/sounds/http://phonotheque.mmsh.huma-num.fr/dyn/portal/index.seam?page=alo&amp;aloId=9792"/>
      <edm:dataProvider>CNRS-MMSH</edm:dataProvider>
      <edm:isShownBy rdf:resource="http://multimedia.mmsh.univ-aix.fr/phonotheque-3578-8"/>
      <edm:provider>Europeana Sounds</edm:provider>
      <edm:rights rdf:resource="http://creativecommons.org/licenses/by-nc/3.0/"/>
   </ore:Aggregation>
   <edm:WebResource rdf:about="http://multimedia.mmsh.univ-aix.fr/phonotheque-3578-8"/>
</rdf:RDF>