<?xml version="1.0" encoding="UTF-8"?>
<rdf:RDF xmlns:edm="http://www.europeana.eu/schemas/edm/"
         xmlns:xalan="http://xml.apache.org/xalan"
         xmlns:foaf="http://xmlns.com/foaf/0.1/"
         xmlns:mo="http://purl.org/ontology/mo/"
         xmlns:ore="http://www.openarchives.org/ore/terms/"
         xmlns:owl="http://www.w3.org/2002/07/owl#"
         xmlns:rdaGr2="http://rdvocab.info/ElementsGr2/"
         xmlns:cld="http://purl.org/cld/terms/"
         xmlns:rdf="http://www.w3.org/1999/02/22-rdf-syntax-ns#"
         xmlns:crm="http://www.cidoc-crm.org/rdfs/cidoc_crm_v5.0.2_english_label.rdfs#"
         xmlns:rdfs="http://www.w3.org/2000/01/rdf-schema#"
         xmlns:dc="http://purl.org/dc/elements/1.1/"
         xmlns:schema="http://schema.org/"
         xmlns:dcterms="http://purl.org/dc/terms/"
         xmlns:skos="http://www.w3.org/2004/02/skos/core#"
         xmlns:ebucore="http://www.ebu.ch/metadata/ontologies/ebucore/ebucore#"
         xmlns:wgs84="http://www.w3.org/2003/01/geo/wgs84_pos#">
   <edm:ProvidedCHO rdf:about="http://mint-projects.image.ntua.gr/data/sounds/http://phonotheque.mmsh.huma-num.fr/dyn/portal/index.seam?page=alo&amp;aloId=9795">
      <dc:contributor>2011-02-14 ; Musset, Danielle</dc:contributor>
      <dc:creator>Petre Gichii (interprète)</dc:creator>
      <dc:creator>Grigor, Gheorghe (instr.)</dc:creator>
      <dc:creator>Musset, Danielle (enquêteur)</dc:creator>
      <dc:creator/>
      <dc:date>1977</dc:date>
      <dc:description>L’enregistrement donne à écouter des chansons interprétées lors d'une veillée à Moiseni. Deux chanteurs se succèdent dans l’interprétation des chants. Le premier chanteur commence les phrases musicales en falsetto et puis il continue à chanter avec une voix de tête. L’autre chanteur choisit un ambitus beaucoup plus bas. La musique est rythmée par les pas des participants. De temps en temps quelques hommes s’adressent la parole. La majorité des chansons s’adressent à la bien aimée en utilisant l'archaïsme ‘’lelita’'[lelitza] ou ‘’mândruta’’ [mândrutza]. Les chant évoquent beaucoup l’amour: ‘’Noaptea-n bratele mândrii’’[la nuit dans les bras de la chérie], ‘’Noi doi cand ne iubim’’[Nous deux quand on s’aime], ‘’Duce-m-as cu tine lele’’[Que je parte avec toi, ma chérie]. Une des chansons fait référence à l’argent et aux ennemis (’’Si m-a cumpara cu bani/ nu ma vinde la dumani/[On m’a acheté avec de l’argent/ ne me vends pas aux ennemis/]. Une autre mentionne le coucou (‘’Nu-i pasare in codru/ Ca sa cante ca cucu [Il n’y pas dans la forêt une oiseau/ Qui chante comme le coucou]), oiseau qui dans la tradition populaire roumaine est le symbole de l’amour caché et de l’infidélité.</dc:description>
      <dc:description>Le roumain est prononcé avec un accent caractéristique de la région de Maramures, et du Pays d’Oas, (nord-ouest de la Roumanie). Les mots ’lelita’'[lelitza] et ‘’mândruta’’ [mândrutza], désignant la bien aimée, apparaissent souvent dans les chansons traditionnelles .</dc:description>
      <dc:format>1 cass.</dc:format>
      <dc:identifier> numéro d'enquête : 3579</dc:identifier>
      <dc:identifier>cote du support : D3242-11</dc:identifier>
      <dc:language>roumain</dc:language>
      <dc:rights>Ces enregistrements ont fait l’objet d’un contrat d’utilisation et de diffusion avec l’enquêteur.</dc:rights>
      <dc:rights>Consultation en ligne et réutilisation sur autorisation</dc:rights>
      <dc:subject>field recording</dc:subject>
      <dc:subject>ethnomusicologie</dc:subject>
      <dc:subject>veillée</dc:subject>
      <dc:subject>chanson d'amour</dc:subject>
      <dc:subject>oiseau</dc:subject>
      <dc:subject>flûte</dc:subject>
      <dc:subject>Roumanie</dc:subject>
      <dc:subject>chanson d'aventures de mariage</dc:subject>
      <dc:subject xml:lang="fr"
                  rdf:resource="http://data.europeana.eu/concept/soundgenres/Music/Traditional_and_folk_music"/>
      <dc:subject xml:lang="fr"
                  rdf:resource="http://data.europeana.eu/concept/soundgenres/Spoken_word_recordings"/>
      <dc:subject>chanson-musique</dc:subject>
      <dc:title>Chansons accompagnées à la flûte pendant une veillée à Moiseni (Roumanie) en 1977</dc:title>
      <dcterms:extent>17min 25s</dcterms:extent>
      <dcterms:isPartOf xml:lang="fr"
                        rdf:resource="http://phonotheque.mmsh.huma-num.fr/dyn/portal/index.seam?page=alo&amp;aloId=3773"/>
      <dcterms:provenance>Phonothèque de la maison méditerranéenne des sciences de l'homme (USR 3125, Aix-Marseille Université/CNRS)</dcterms:provenance>
      <dcterms:spatial>Moiseni</dcterms:spatial>
      <edm:type>SOUND</edm:type>
   </edm:ProvidedCHO>
   <ore:Aggregation rdf:about="http://mint-projects.image.ntua.gr/data/sounds/Aggregation_http://phonotheque.mmsh.huma-num.fr/dyn/portal/index.seam?page=alo&amp;aloId=9795">
      <edm:aggregatedCHO rdf:resource="http://mint-projects.image.ntua.gr/data/sounds/http://phonotheque.mmsh.huma-num.fr/dyn/portal/index.seam?page=alo&amp;aloId=9795"/>
      <edm:dataProvider>CNRS-MMSH</edm:dataProvider>
      <edm:isShownBy rdf:resource="http://multimedia.mmsh.univ-aix.fr/phonotheque-3579"/>
      <edm:provider>Europeana Sounds</edm:provider>
      <edm:rights rdf:resource="http://creativecommons.org/licenses/by-nc/3.0/"/>
   </ore:Aggregation>
   <edm:WebResource rdf:about="http://multimedia.mmsh.univ-aix.fr/phonotheque-3579"/>
</rdf:RDF>